年月日,時間,気圧現地(hPa),気圧海面(hPa),降水量(mm),気温(℃),露点温度(℃),蒸気圧(hPa),湿度(%),風速(m/s),風向(deg),日照時間(h),全天日射量(W/m2),降雪(cm),積雪(cm)
2000-01-01,1,1015.4,1019.8,0.0,6.7,2.8,7.5,76.0,1.7,337.5,0.0,0.0,0.0,0.0
2000-01-01,2,1015.4,1019.8,0.0,6.6,1.3,6.7,69.0,3.6,337.5,0.0,0.0,0.0,0.0
2000-01-01,3,1015.4,1019.8,0.0,6.1,0.6,6.4,68.0,2.9,337.5,0.0,0.0,0.0,0.0
2000-01-01,4,1015.6,1020.0,0.0,6.4,0.1,6.2,64.0,3.9,337.5,0.0,0.0,0.0,0.0
2000-01-01,5,1015.5,1019.9,0.0,6.3,0.2,6.2,65.0,3.8,0,0.0,0.0,0.0,0.0
2000-01-01,6,1016.3,1020.7,0.0,6.8,-0.9,5.7,58.0,3.9,337.5,0.0,0.0,0.0,0.0
2000-01-01,7,1016.6,1021.0,0.0,6.3,-1.1,5.6,59.0,3.6,22.5,0.0,0.0,0.0,0.0
2000-01-01,8,1016.8,1021.2,0.0,6.5,-0.9,5.7,59.0,3.3,0,0.3,30.555555555555557,0.0,0.0
2000-01-01,9,1016.8,1021.2,0.0,8.8,-1.3,5.6,49.0,5.1,337.5,1.0,225.0,0.0,0.0
2000-01-01,10,1016.4,1020.8,0.0,11.0,-1.7,5.4,41.0,4.0,337.5,1.0,377.77777777777777,0.0,0.0
2000-01-01,11,1015.4,1019.8,0.0,11.4,-2.8,5.0,37.0,5.7,337.5,1.0,483.3333333333333,0.0,0.0
2000-01-01,12,1014.6,1018.9,0.0,11.8,-3.9,4.6,33.0,6.7,337.5,1.0,519.4444444444445,0.0,0.0
2000-01-01,13,1014.0,1018.3,0.0,12.3,-3.9,4.6,32.0,6.4,337.5,1.0,500.0,0.0,0.0
2000-01-01,14,1014.0,1018.3,0.0,12.3,-4.8,4.3,30.0,5.3,337.5,1.0,422.22222222222223,0.0,0.0
2000-01-01,15,1014.6,1018.9,0.0,11.9,-6.0,3.9,28.0,5.1,337.5,1.0,283.3333333333333,0.0,0.0
2000-01-01,16,1015.1,1019.5,0.0,11.1,-7.2,3.6,27.0,4.6,337.5,0.7,122.22222222222223,0.0,0.0
2000-01-01,17,1016.0,1020.4,0.0,10.4,-6.9,3.7,29.0,5.2,337.5,0.0,11.11111111111111,0.0,0.0
2000-01-01,18,1016.9,1021.3,0.0,9.6,-6.7,3.7,31.0,4.7,337.5,0.0,0.0,0.0,0.0
2000-01-01,19,1017.2,1021.6,0.0,8.9,-6.5,3.8,33.0,3.7,0,0.0,0.0,0.0,0.0
2000-01-01,20,1017.5,1021.9,0.0,8.1,-6.4,3.8,35.0,3.5,0,0.0,0.0,0.0,0.0
2000-01-01,21,1017.6,1022.0,0.0,7.4,-6.0,3.9,38.0,5.0,0,0.0,0.0,0.0,0.0
2000-01-01,22,1017.4,1021.8,0.0,7.0,-5.7,4.0,40.0,4.3,0,0.0,0.0,0.0,0.0
2000-01-01,23,1017.8,1022.2,0.0,6.4,-5.6,4.0,42.0,4.2,0,0.0,0.0,0.0,0.0
2000-01-01,24,1017.6,1022.0,0.0,6.6,-5.7,4.0,41.0,3.2,45,0.0,0.0,0.0,0.0
2000-01-02,1,1017.6,1022.0,0.0,6.2,-6.1,3.9,41.0,3.1,67.5,0.0,0.0,0.0,0.0
2000-01-02,2,1017.4,1021.9,0.0,5.9,-5.7,4.0,43.0,2.3,22.5,0.0,0.0,0.0,0.0
2000-01-02,3,1017.2,1021.7,0.0,5.1,-5.5,4.1,46.0,3.0,45,0.0,0.0,0.0,0.0
2000-01-02,4,1017.3,1021.8,0.0,5.1,-5.5,4.1,46.0,2.9,67.5,0.0,0.0,0.0,0.0
2000-01-02,5,1017.3,1021.8,0.0,5.2,-5.7,4.0,45.0,2.3,67.5,0.0,0.0,0.0,0.0
2000-01-02,6,1017.5,1022.0,0.0,5.0,-5.4,4.1,47.0,3.2,22.5,0.0,0.0,0.0,0.0
2000-01-02,7,1017.7,1022.2,0.0,4.3,-5.5,4.1,49.0,2.2,45,0.0,0.0,0.0,0.0
2000-01-02,8,1017.9,1022.4,0.0,4.4,-5.1,4.2,50.0,1.7,22.5,0.0,33.333333333333336,0.0,0.0
2000-01-02,9,1018.0,1022.5,0.0,5.3,-5.1,4.2,47.0,2.1,45,1.0,194.44444444444446,0.0,0.0
2000-01-02,10,1017.7,1022.2,0.0,5.6,-5.4,4.1,45.0,1.6,337.5,0.4,213.88888888888889,0.0,0.0
2000-01-02,11,1016.5,1020.9,0.0,6.6,-4.8,4.3,44.0,2.1,0,0.6,355.55555555555554,0.0,0.0
2000-01-02,12,1015.2,1019.6,0.0,7.6,-5.1,4.2,40.0,1.8,67.5,0.6,377.77777777777777,0.0,0.0
2000-01-02,13,1014.6,1019.0,0.0,8.3,-4.5,4.4,40.0,2.1,90,0.8,377.77777777777777,0.0,0.0
2000-01-02,14,1014.2,1018.6,0.0,8.2,-3.9,4.6,42.0,1.7,112.5,0.0,180.55555555555554,0.0,0.0
2000-01-02,15,1013.8,1018.2,0.0,8.2,-4.2,4.5,41.0,1.4,90,0.0,52.77777777777778,0.0,0.0
2000-01-02,16,1013.9,1018.3,0.0,8.3,-4.5,4.4,40.0,1.9,112.5,0.0,11.11111111111111,0.0,0.0
2000-01-02,17,1014.0,1018.4,0.0,8.5,-3.7,4.7,42.0,2.7,67.5,0.0,0.0,0.0,0.0
2000-01-02,18,1014.2,1018.6,0.0,8.6,-2.4,5.1,46.0,2.2,67.5,0.0,0.0,0.0,0.0
2000-01-02,19,1014.2,1018.6,0.0,8.6,-0.7,5.8,52.0,2.0,90,0.0,0.0,0.0,0.0
2000-01-02,20,1014.0,1018.4,0.0,8.4,-0.6,5.9,53.0,1.9,90,0.0,0.0,0.0,0.0
2000-01-02,21,1013.6,1018.0,0.0,8.6,-0.2,6.0,54.0,1.3,45,0.0,0.0,0.0,0.0
2000-01-02,22,1013.2,1017.6,0.0,8.5,-0.3,6.0,54.0,1.6,337.5,0.0,0.0,0.0,0.0
2000-01-02,23,1012.9,1017.3,0.0,8.2,-0.5,5.9,54.0,3.4,337.5,0.0,0.0,0.0,0.0
2000-01-02,24,1011.9,1016.3,0.0,7.9,-0.6,5.9,55.0,2.3,0,0.0,0.0,0.0,0.0
2000-01-03,1,1011.2,1015.6,0.0,6.8,-1.1,5.6,57.0,3.2,337.5,0.0,0.0,0.0,0.0
2000-01-03,2,1011.0,1015.4,0.0,6.1,-2.0,5.3,56.0,3.1,337.5,0.0,0.0,0.0,0.0
2000-01-03,3,1010.3,1014.7,0.0,5.9,-1.7,5.4,58.0,2.7,337.5,0.0,0.0,0.0,0.0
2000-01-03,4,1009.5,1013.9,0.0,6.2,-3.2,4.8,51.0,3.6,337.5,0.0,0.0,0.0,0.0
2000-01-03,5,1008.7,1013.1,0.5,5.2,0.2,6.2,70.0,1.2,0,0.0,0.0,0.0,0.0
2000-01-03,6,1008.4,1012.8,0.0,5.4,-0.6,5.9,65.0,1.2,270,0.0,0.0,0.0,0.0
2000-01-03,7,1008.1,1012.5,0.0,4.8,-1.6,5.4,63.0,1.1,292.5,0.0,0.0,0.0,0.0
2000-01-03,8,1007.4,1011.8,0.0,5.2,-1.5,5.5,62.0,0.9,292.5,0.0,36.111111111111114,0.0,0.0
2000-01-03,9,1007.0,1011.4,0.0,6.7,-1.9,5.3,54.0,1.4,247.5,1.0,194.44444444444446,0.0,0.0
2000-01-03,10,1005.7,1010.0,0.0,9.2,0.9,6.5,56.0,2.1,225,1.0,322.22222222222223,0.0,0.0
2000-01-03,11,1003.7,1008.0,0.0,10.2,2.3,7.2,58.0,1.9,180,1.0,433.3333333333333,0.0,0.0
2000-01-03,12,1001.4,1005.7,0.0,13.0,5.4,9.0,60.0,2.4,180,1.0,477.77777777777777,0.0,0.0
2000-01-03,13,1000.1,1004.3,0.0,15.4,5.6,9.1,52.0,1.7,247.5,1.0,477.77777777777777,0.0,0.0
2000-01-03,14,1001.4,1005.6,0.0,14.0,2.6,7.4,46.0,6.0,0,1.0,388.8888888888889,0.0,0.0
2000-01-03,15,1002.9,1007.2,0.0,12.9,1.0,6.6,44.0,5.4,337.5,1.0,266.6666666666667,0.0,0.0
2000-01-03,16,1003.9,1008.2,0.0,12.2,1.2,6.7,47.0,3.3,0,1.0,122.22222222222223,0.0,0.0
2000-01-03,17,1004.8,1009.1,0.0,11.7,1.9,7.0,51.0,2.1,67.5,0.2,11.11111111111111,0.0,0.0
2000-01-03,18,1005.7,1010.0,0.0,10.1,2.5,7.3,59.0,0.6,67.5,0.0,0.0,0.0,0.0
2000-01-03,19,1006.6,1010.9,0.0,11.2,0.9,6.5,49.0,1.0,0,0.0,0.0,0.0,0.0
2000-01-03,20,1007.0,1011.3,0.0,11.1,-3.0,4.9,37.0,3.7,0,0.0,0.0,0.0,0.0
2000-01-03,21,1007.6,1011.9,0.0,10.1,-3.6,4.7,38.0,3.0,0,0.0,0.0,0.0,0.0
2000-01-03,22,1008.1,1012.5,0.0,9.4,-3.8,4.6,39.0,3.9,337.5,0.0,0.0,0.0,0.0
2000-01-03,23,1008.1,1012.5,0.0,9.0,-3.9,4.6,40.0,4.3,315,0.0,0.0,0.0,0.0
2000-01-03,24,1008.3,1012.7,0.0,8.7,-3.8,4.6,41.0,3.7,315,0.0,0.0,0.0,0.0
2000-01-04,1,1008.5,1012.9,0.0,8.1,-3.1,4.9,45.0,5.5,315,0.0,0.0,0.0,0.0
2000-01-04,2,1009.0,1013.4,0.0,7.9,-3.0,4.9,46.0,4.7,337.5,0.0,0.0,0.0,0.0
2000-01-04,3,1009.3,1013.7,0.0,7.8,-4.0,4.5,43.0,4.8,337.5,0.0,0.0,0.0,0.0
2000-01-04,4,1009.6,1014.0,0.0,7.7,-4.1,4.5,43.0,5.3,337.5,0.0,0.0,0.0,0.0
2000-01-04,5,1010.1,1014.5,0.0,7.5,-4.6,4.3,42.0,5.0,337.5,0.0,0.0,0.0,0.0
2000-01-04,6,1011.1,1015.5,0.0,7.7,-5.0,4.2,40.0,5.6,337.5,0.0,0.0,0.0,0.0
2000-01-04,7,1011.6,1016.0,0.0,7.7,-4.4,4.4,42.0,4.5,337.5,0.0,0.0,0.0,0.0
2000-01-04,8,1012.1,1016.5,0.0,8.3,-5.5,4.1,37.0,4.5,337.5,0.3,33.333333333333336,0.0,0.0
2000-01-04,9,1012.8,1017.2,0.0,9.3,-5.7,4.0,34.0,5.8,337.5,1.0,219.44444444444446,0.0,0.0
2000-01-04,10,1013.2,1017.6,0.0,10.5,-5.5,4.1,32.0,7.3,337.5,1.0,375.0,0.0,0.0
2000-01-04,11,1012.6,1016.9,0.0,11.6,-5.4,4.1,30.0,3.8,337.5,1.0,475.0,0.0,0.0
2000-01-04,12,1011.8,1016.1,0.0,12.4,-6.6,3.7,26.0,4.6,337.5,1.0,522.2222222222222,0.0,0.0
2000-01-04,13,1011.6,1015.9,0.0,12.8,-5.2,4.2,28.0,1.9,292.5,1.0,502.77777777777777,0.0,0.0
2000-01-04,14,1011.9,1016.2,0.0,13.7,-4.9,4.3,27.0,3.0,292.5,1.0,419.44444444444446,0.0,0.0
2000-01-04,15,1012.7,1017.0,0.0,13.4,-6.2,3.9,25.0,3.1,315,1.0,288.8888888888889,0.0,0.0
2000-01-04,16,1013.5,1017.8,0.0,13.2,-6.4,3.8,25.0,4.4,315,1.0,130.55555555555554,0.0,0.0
2000-01-04,17,1014.6,1018.9,0.0,11.7,-5.7,4.0,29.0,3.6,337.5,0.3,13.88888888888889,0.0,0.0
2000-01-04,18,1015.6,1020.0,0.0,11.3,-5.2,4.2,31.0,4.3,337.5,0.0,0.0,0.0,0.0
2000-01-04,19,1016.4,1020.8,0.0,10.3,-5.7,4.0,32.0,5.8,337.5,0.0,0.0,0.0,0.0
2000-01-04,20,1016.9,1021.3,0.0,9.5,-5.2,4.2,35.0,4.1,337.5,0.0,0.0,0.0,0.0
2000-01-04,21,1017.1,1021.5,0.0,8.9,-4.3,4.4,39.0,4.7,337.5,0.0,0.0,0.0,0.0
2000-01-04,22,1017.7,1022.1,0.0,8.5,-4.3,4.4,40.0,3.0,337.5,0.0,0.0,0.0,0.0
2000-01-04,23,1017.9,1022.3,0.0,8.2,-3.9,4.6,42.0,4.1,337.5,0.0,0.0,0.0,0.0
2000-01-04,24,1017.8,1022.2,0.0,7.8,-3.7,4.7,44.0,4.6,337.5,0.0,0.0,0.0,0.0
2000-01-05,1,1017.8,1022.2,0.0,8.0,-3.8,4.6,43.0,4.2,337.5,0.0,0.0,0.0,0.0
2000-01-05,2,1018.4,1022.8,0.0,7.8,-3.7,4.7,44.0,4.3,337.5,0.0,0.0,0.0,0.0
2000-01-05,3,1018.4,1022.8,0.0,7.6,-3.9,4.6,44.0,4.0,337.5,0.0,0.0,0.0,0.0
2000-01-05,4,1018.2,1022.6,0.0,7.2,-3.9,4.6,45.0,3.3,337.5,0.0,0.0,0.0,0.0
2000-01-05,5,1019.0,1023.4,0.0,7.2,-3.9,4.6,45.0,3.1,337.5,0.0,0.0,0.0,0.0
2000-01-05,6,1019.4,1023.8,0.0,7.0,-3.5,4.7,47.0,3.1,0,0.0,0.0,0.0,0.0
2000-01-05,7,1020.1,1024.6,0.0,6.4,-3.5,4.7,49.0,3.6,0,0.0,0.0,0.0,0.0
2000-01-05,8,1020.5,1024.9,0.0,7.0,-3.5,4.7,47.0,3.0,337.5,0.0,44.44444444444444,0.0,0.0
2000-01-05,9,1021.5,1025.9,0.0,8.0,-3.2,4.8,45.0,2.4,22.5,0.0,102.77777777777777,0.0,0.0
2000-01-05,10,1021.5,1025.9,0.0,9.2,-2.7,5.0,43.0,2.4,22.5,0.1,216.66666666666666,0.0,0.0
2000-01-05,11,1020.6,1025.0,0.0,9.3,-5.0,4.2,36.0,2.2,45,0.2,322.22222222222223,0.0,0.0
2000-01-05,12,1019.7,1024.1,0.0,11.0,-3.9,4.6,35.0,1.8,45,0.3,358.3333333333333,0.0,0.0
2000-01-05,13,1019.1,1023.5,0.0,10.6,-3.8,4.6,36.0,2.0,45,0.2,291.6666666666667,0.0,0.0
2000-01-05,14,1018.7,1023.1,0.0,11.0,-2.8,5.0,38.0,2.4,90,0.4,277.77777777777777,0.0,0.0
2000-01-05,15,1018.9,1023.3,0.0,11.2,-2.6,5.1,38.0,2.6,67.5,0.7,216.66666666666666,0.0,0.0
2000-01-05,16,1019.0,1023.4,0.0,10.7,-1.0,5.7,44.0,3.5,67.5,0.0,69.44444444444444,0.0,0.0
2000-01-05,17,1019.6,1024.0,0.0,10.7,-0.4,5.9,46.0,3.0,90,0.0,8.333333333333334,0.0,0.0
2000-01-05,18,1020.6,1025.0,0.0,10.9,1.4,6.8,52.0,2.9,45,0.0,0.0,0.0,0.0
2000-01-05,19,1020.7,1025.1,0.0,10.9,2.0,7.1,54.0,2.6,45,0.0,0.0,0.0,0.0
2000-01-05,20,1020.8,1025.2,0.0,10.6,1.9,7.0,55.0,2.7,45,0.0,0.0,0.0,0.0
2000-01-05,21,1020.6,1025.0,0.0,10.7,2.0,7.1,55.0,2.1,67.5,0.0,0.0,0.0,0.0
2000-01-05,22,1020.4,1024.8,0.0,10.4,2.0,7.1,56.0,2.0,45,0.0,0.0,0.0,0.0
2000-01-05,23,1020.2,1024.6,0.0,10.3,2.4,7.3,58.0,2.1,0,0.0,0.0,0.0,0.0
2000-01-05,24,1019.9,1024.3,0.0,10.0,1.6,6.9,56.0,2.4,337.5,0.0,0.0,0.0,0.0
2000-01-06,1,1019.5,1023.9,0.0,9.4,0.1,6.2,52.0,3.2,337.5,0.0,0.0,0.0,0.0
2000-01-06,2,1019.6,1024.0,0.0,8.7,-1.1,5.6,50.0,3.4,337.5,0.0,0.0,0.0,0.0
2000-01-06,3,1019.0,1023.4,0.0,8.4,-1.7,5.4,49.0,2.6,337.5,0.0,0.0,0.0,0.0
2000-01-06,4,1018.7,1023.1,0.0,8.3,-2.1,5.2,48.0,3.1,337.5,0.0,0.0,0.0,0.0
2000-01-06,5,1018.9,1023.3,0.0,8.4,-2.2,5.2,47.0,3.0,315,0.0,0.0,0.0,0.0
2000-01-06,6,1018.5,1022.9,0.0,8.5,-2.2,5.2,47.0,2.6,337.5,0.0,0.0,0.0,0.0
2000-01-06,7,1018.4,1022.8,0.0,8.7,-1.7,5.4,48.0,2.7,337.5,0.0,0.0,0.0,0.0
2000-01-06,8,1018.4,1022.8,0.0,9.0,-1.7,5.4,47.0,4.0,337.5,0.0,22.22222222222222,0.0,0.0
2000-01-06,9,1018.3,1022.7,0.0,9.8,-0.4,5.9,49.0,2.8,337.5,0.0,80.55555555555556,0.0,0.0
2000-01-06,10,1018.6,1023.0,0.0,9.7,-0.2,6.0,50.0,2.6,315,0.0,94.44444444444444,0.0,0.0
2000-01-06,11,1017.6,1022.0,0.0,10.1,0.7,6.4,52.0,2.1,337.5,0.0,155.55555555555554,0.0,0.0
2000-01-06,12,1015.7,1020.0,0.0,12.5,3.2,7.7,53.0,3.0,337.5,0.7,358.3333333333333,0.0,0.0
2000-01-06,13,1014.9,1019.2,0.0,12.0,3.2,7.7,55.0,3.4,315,0.1,213.88888888888889,0.0,0.0
2000-01-06,14,1013.6,1017.9,0.0,12.4,3.6,7.9,55.0,2.7,22.5,0.0,188.88888888888889,0.0,0.0
2000-01-06,15,1012.9,1017.2,0.0,12.4,4.1,8.2,57.0,1.6,45,0.7,213.88888888888889,0.0,0.0
2000-01-06,16,1013.2,1017.5,0.0,13.0,4.7,8.5,57.0,2.1,0,0.4,86.11111111111111,0.0,0.0
2000-01-06,17,1013.4,1017.7,0.0,12.9,4.8,8.6,58.0,1.8,315,0.0,8.333333333333334,0.0,0.0
2000-01-06,18,1013.1,1017.4,0.0,13.0,4.9,8.7,58.0,1.9,22.5,0.0,0.0,0.0,0.0
2000-01-06,19,1013.0,1017.3,0.0,12.6,4.8,8.6,59.0,2.0,0,0.0,0.0,0.0,0.0
2000-01-06,20,1012.6,1016.9,0.0,12.7,4.9,8.7,59.0,1.6,0,0.0,0.0,0.0,0.0
2000-01-06,21,1012.4,1016.7,0.0,11.6,3.1,7.6,56.0,3.3,337.5,0.0,0.0,0.0,0.0
2000-01-06,22,1012.1,1016.5,0.0,10.0,4.8,8.6,70.0,3.9,337.5,0.0,0.0,0.0,0.0
2000-01-06,23,1011.3,1015.7,0.0,9.3,6.7,9.8,84.0,2.0,337.5,0.0,0.0,0.0,0.0
2000-01-06,24,1009.5,1013.9,0.0,9.2,7.2,10.2,87.0,1.7,0,0.0,0.0,0.0,0.0
2000-01-07,1,1009.0,1013.4,0.0,9.0,7.3,10.2,89.0,1.8,315,0.0,0.0,0.0,0.0
2000-01-07,2,1008.1,1012.5,0.0,9.2,7.5,10.4,89.0,1.6,22.5,0.0,0.0,0.0,0.0
2000-01-07,3,1007.8,1012.2,0.0,9.0,7.0,10.0,87.0,1.2,337.5,0.0,0.0,0.0,0.0
2000-01-07,4,1006.6,1010.9,0.0,9.4,7.0,10.0,85.0,1.7,0,0.0,0.0,0.0,0.0
2000-01-07,5,1005.8,1010.1,0.0,9.5,7.3,10.2,86.0,0.6,270,0.0,0.0,0.0,0.0
2000-01-07,6,1005.8,1010.1,0.0,9.6,7.5,10.4,87.0,0.9,0,0.0,0.0,0.0,0.0
2000-01-07,7,1005.1,1009.4,0.5,9.8,7.7,10.5,87.0,2.0,45,0.0,0.0,0.0,0.0
2000-01-07,8,1005.1,1009.4,0.0,9.4,7.3,10.2,87.0,2.5,337.5,0.0,2.7777777777777777,0.0,0.0
2000-01-07,9,1004.9,1009.2,0.0,10.3,7.2,10.2,81.0,2.6,337.5,0.0,25.0,0.0,0.0
2000-01-07,10,1004.5,1008.8,0.0,11.4,7.5,10.4,77.0,1.7,337.5,0.0,63.888888888888886,0.0,0.0
2000-01-07,11,1003.8,1008.1,0.0,12.0,7.9,10.7,76.0,3.0,337.5,0.0,88.88888888888889,0.0,0.0
2000-01-07,12,1002.9,1007.2,0.0,13.1,8.4,11.0,73.0,2.6,337.5,0.0,141.66666666666666,0.0,0.0
2000-01-07,13,1002.7,1006.9,0.0,14.6,9.4,11.8,71.0,1.6,337.5,0.0,175.0,0.0,0.0
2000-01-07,14,1002.6,1006.8,0.0,16.1,10.4,12.6,69.0,1.6,270,0.8,302.77777777777777,0.0,0.0
2000-01-07,15,1002.5,1006.7,0.0,16.5,10.6,12.8,68.0,1.4,247.5,0.5,175.0,0.0,0.0
2000-01-07,16,1002.9,1007.1,0.0,16.5,9.4,11.8,63.0,1.9,337.5,0.3,80.55555555555556,0.0,0.0
2000-01-07,17,1004.0,1008.2,0.0,16.3,10.0,12.3,66.0,2.4,337.5,0.0,13.88888888888889,0.0,0.0
2000-01-07,18,1004.6,1008.8,0.0,15.5,10.3,12.5,71.0,2.6,337.5,0.0,0.0,0.0,0.0
2000-01-07,19,1005.5,1009.8,0.0,14.7,3.8,8.0,48.0,3.4,337.5,0.0,0.0,0.0,0.0
2000-01-07,20,1006.6,1010.9,0.0,14.2,3.1,7.6,47.0,2.0,0,0.0,0.0,0.0,0.0
2000-01-07,21,1007.4,1011.7,0.0,13.7,6.1,9.4,60.0,4.2,45,0.0,0.0,0.0,0.0
2000-01-07,22,1008.2,1012.5,0.0,13.2,5.9,9.3,61.0,3.5,22.5,0.0,0.0,0.0,0.0
2000-01-07,23,1008.6,1012.9,0.0,12.4,3.6,7.9,55.0,3.0,0,0.0,0.0,0.0,0.0
2000-01-07,24,1008.8,1013.1,0.0,12.1,2.0,7.1,50.0,1.8,0,0.0,0.0,0.0,0.0
2000-01-08,1,1009.3,1013.6,0.0,11.9,1.2,6.7,48.0,2.7,0,0.0,0.0,0.0,0.0
2000-01-08,2,1009.9,1014.2,0.0,11.2,-1.6,5.4,41.0,2.3,337.5,0.0,0.0,0.0,0.0
2000-01-08,3,1010.5,1014.8,0.0,10.6,-2.1,5.2,41.0,2.1,337.5,0.0,0.0,0.0,0.0
2000-01-08,4,1010.4,1014.8,0.0,9.9,-2.1,5.2,43.0,1.3,337.5,0.0,0.0,0.0,0.0
2000-01-08,5,1011.3,1015.7,0.0,9.8,-2.2,5.2,43.0,2.4,337.5,0.0,0.0,0.0,0.0
2000-01-08,6,1011.9,1016.3,0.0,9.2,-1.2,5.6,48.0,2.0,337.5,0.0,0.0,0.0,0.0
2000-01-08,7,1012.2,1016.6,0.0,9.5,-0.9,5.7,48.0,1.8,337.5,0.0,0.0,0.0,0.0
2000-01-08,8,1013.0,1017.4,0.0,9.2,-0.1,6.1,52.0,1.3,292.5,0.0,33.333333333333336,0.0,0.0
2000-01-08,9,1013.3,1017.7,0.0,9.9,0.0,6.1,50.0,1.7,337.5,0.0,113.88888888888889,0.0,0.0
2000-01-08,10,1013.0,1017.4,0.0,10.6,1.2,6.7,52.0,3.0,0,0.0,161.11111111111111,0.0,0.0
2000-01-08,11,1012.7,1017.1,0.0,10.2,0.8,6.5,52.0,2.4,337.5,0.0,177.77777777777777,0.0,0.0
2000-01-08,12,1012.0,1016.4,0.0,9.7,0.8,6.5,54.0,3.2,337.5,0.0,186.11111111111111,0.0,0.0
2000-01-08,13,1011.5,1015.9,0.0,10.1,1.5,6.8,55.0,2.8,337.5,0.0,169.44444444444446,0.0,0.0
2000-01-08,14,1011.3,1015.7,0.0,10.2,2.1,7.1,57.0,2.5,337.5,0.0,172.22222222222223,0.0,0.0
2000-01-08,15,1011.3,1015.6,0.0,10.6,1.7,6.9,54.0,1.5,45,0.1,175.0,0.0,0.0
2000-01-08,16,1011.4,1015.7,0.0,11.4,2.2,7.2,53.0,1.9,22.5,0.1,97.22222222222223,0.0,0.0
2000-01-08,17,1011.4,1015.7,0.0,10.7,2.0,7.1,55.0,2.2,0,0.0,19.444444444444443,0.0,0.0
2000-01-08,18,1012.1,1016.5,0.0,10.2,1.8,7.0,56.0,3.1,22.5,0.0,0.0,0.0,0.0
2000-01-08,19,1012.5,1016.9,0.0,9.6,2.2,7.2,60.0,3.0,22.5,0.0,0.0,0.0,0.0
2000-01-08,20,1013.1,1017.5,0.0,9.6,2.2,7.2,60.0,2.0,0,0.0,0.0,0.0,0.0
2000-01-08,21,1013.5,1017.9,0.0,9.3,2.2,7.2,61.0,2.2,337.5,0.0,0.0,0.0,0.0
2000-01-08,22,1013.8,1018.2,0.0,9.4,2.5,7.3,62.0,2.1,337.5,0.0,0.0,0.0,0.0
2000-01-08,23,1014.6,1019.0,0.0,8.0,2.7,7.4,69.0,1.6,337.5,0.0,0.0,0.0,0.0
2000-01-08,24,1014.4,1018.8,0.0,7.2,2.5,7.3,72.0,1.4,315,0.0,0.0,0.0,0.0
2000-01-09,1,1014.8,1019.2,0.0,7.4,2.1,7.1,69.0,2.3,337.5,0.0,0.0,0.0,0.0
2000-01-09,2,1015.1,1019.5,0.0,7.4,0.8,6.5,63.0,2.2,337.5,0.0,0.0,0.0,0.0
2000-01-09,3,1015.7,1020.1,0.0,7.3,-0.2,6.0,59.0,2.6,337.5,0.0,0.0,0.0,0.0
2000-01-09,4,1015.8,1020.2,0.0,6.8,-1.1,5.6,57.0,1.4,315,0.0,0.0,0.0,0.0
2000-01-09,5,1015.8,1020.2,0.0,6.5,-0.9,5.7,59.0,2.3,315,0.0,0.0,0.0,0.0
2000-01-09,6,1016.6,1021.1,0.0,5.5,-0.3,6.0,66.0,3.1,337.5,0.0,0.0,0.0,0.0
2000-01-09,7,1017.3,1021.8,0.0,5.2,-0.2,6.0,68.0,3.1,337.5,0.0,0.0,0.0,0.0
2000-01-09,8,1017.9,1022.3,0.0,6.3,-1.1,5.6,59.0,2.6,337.5,0.0,36.111111111111114,0.0,0.0
2000-01-09,9,1018.6,1023.0,0.0,6.9,-1.8,5.4,54.0,2.8,337.5,0.5,161.11111111111111,0.0,0.0
2000-01-09,10,1019.1,1023.5,0.0,8.2,-1.6,5.4,50.0,2.6,337.5,0.1,175.0,0.0,0.0
2000-01-09,11,1018.1,1022.5,0.0,9.5,-1.5,5.5,46.0,2.8,337.5,0.0,247.22222222222223,0.0,0.0
2000-01-09,12,1017.4,1021.8,0.0,9.9,-1.2,5.6,46.0,2.5,315,0.0,186.11111111111111,0.0,0.0
2000-01-09,13,1016.8,1021.2,0.0,10.7,-0.7,5.8,45.0,2.3,0,0.0,180.55555555555554,0.0,0.0
2000-01-09,14,1016.5,1020.9,0.0,10.8,-0.6,5.9,45.0,1.9,337.5,0.0,136.11111111111111,0.0,0.0
2000-01-09,15,1016.4,1020.8,0.0,11.0,-0.5,5.9,45.0,2.1,337.5,0.0,77.77777777777777,0.0,0.0
2000-01-09,16,1017.7,1022.1,0.0,11.1,0.2,6.2,47.0,1.9,45,0.0,25.0,0.0,0.0
2000-01-09,17,1017.8,1022.2,0.0,11.2,1.4,6.8,51.0,2.0,0,0.0,2.7777777777777777,0.0,0.0
2000-01-09,18,1018.2,1022.6,0.0,11.3,2.1,7.1,53.0,2.0,337.5,0.0,0.0,0.0,0.0
2000-01-09,19,1018.1,1022.5,0.0,11.3,2.3,7.2,54.0,2.5,337.5,0.0,0.0,0.0,0.0
2000-01-09,20,1017.9,1022.3,0.0,11.2,2.5,7.3,55.0,1.5,292.5,0.0,0.0,0.0,0.0
2000-01-09,21,1017.6,1022.0,0.0,11.2,2.0,7.1,53.0,2.5,315,0.0,0.0,0.0,0.0
2000-01-09,22,1016.6,1021.0,0.0,10.9,2.5,7.3,56.0,2.8,337.5,0.0,0.0,0.0,0.0
2000-01-09,23,1015.5,1019.9,0.0,10.7,2.0,7.1,55.0,2.4,337.5,0.0,0.0,0.0,0.0
2000-01-09,24,1014.7,1019.1,0.0,10.7,1.8,7.0,54.0,3.6,337.5,0.0,0.0,0.0,0.0
2000-01-10,1,1014.0,1018.4,0.0,10.4,2.7,7.4,59.0,2.5,337.5,0.0,0.0,0.0,0.0
2000-01-10,2,1012.7,1017.1,0.0,10.2,2.3,7.2,58.0,1.9,337.5,0.0,0.0,0.0,0.0
2000-01-10,3,1012.5,1016.9,0.0,9.8,4.2,8.2,68.0,1.1,337.5,0.0,0.0,0.0,0.0
2000-01-10,4,1010.7,1015.1,0.0,9.1,4.7,8.5,74.0,0.6,90,0.0,0.0,0.0,0.0
2000-01-10,5,1010.0,1014.4,0.0,9.7,5.1,8.8,73.0,0.5,90,0.0,0.0,0.0,0.0
2000-01-10,6,1008.5,1012.8,0.0,9.7,5.1,8.8,73.0,1.5,67.5,0.0,0.0,0.0,0.0
2000-01-10,7,1008.0,1012.4,3.0,8.4,7.0,10.0,91.0,2.3,337.5,0.0,0.0,0.0,0.0
2000-01-10,8,1008.5,1012.9,4.0,8.1,6.9,9.9,92.0,4.5,337.5,0.0,2.7777777777777777,0.0,0.0
2000-01-10,9,1008.0,1012.4,2.5,7.9,6.7,9.8,92.0,4.4,337.5,0.0,11.11111111111111,0.0,0.0
2000-01-10,10,1006.1,1010.5,0.0,8.2,5.8,9.2,85.0,3.2,337.5,0.0,130.55555555555554,0.0,0.0
2000-01-10,11,1004.1,1008.4,0.0,9.2,5.6,9.1,78.0,2.3,337.5,0.7,311.1111111111111,0.0,0.0
2000-01-10,12,1003.1,1007.4,0.0,11.4,6.7,9.8,73.0,3.0,0,1.0,530.5555555555555,0.0,0.0
2000-01-10,13,1002.1,1006.4,0.0,12.5,5.9,9.3,64.0,1.3,0,1.0,497.22222222222223,0.0,0.0
2000-01-10,14,1001.9,1006.2,0.0,14.0,6.1,9.4,59.0,0.5,45,1.0,427.77777777777777,0.0,0.0
2000-01-10,15,1002.4,1006.6,0.0,14.7,6.0,9.4,56.0,0.8,247.5,1.0,291.6666666666667,0.0,0.0
2000-01-10,16,1003.0,1007.2,0.0,15.4,6.4,9.6,55.0,2.1,0,1.0,141.66666666666666,0.0,0.0
2000-01-10,17,1003.7,1008.0,0.0,13.6,6.9,9.9,64.0,0.9,67.5,0.3,13.88888888888889,0.0,0.0
2000-01-10,18,1005.2,1009.5,0.0,11.7,7.8,10.6,77.0,0.7,315,0.0,0.0,0.0,0.0
2000-01-10,19,1006.5,1010.8,0.0,13.3,1.6,6.9,45.0,4.5,337.5,0.0,0.0,0.0,0.0
2000-01-10,20,1007.7,1012.0,0.0,11.9,-0.6,5.9,42.0,4.1,0,0.0,0.0,0.0,0.0
2000-01-10,21,1008.3,1012.6,0.0,11.0,-2.4,5.1,39.0,6.1,337.5,0.0,0.0,0.0,0.0
2000-01-10,22,1008.9,1013.2,0.0,10.4,-3.6,4.7,37.0,5.8,337.5,0.0,0.0,0.0,0.0
2000-01-10,23,1009.4,1013.7,0.0,10.0,-5.1,4.2,34.0,6.8,337.5,0.0,0.0,0.0,0.0
2000-01-10,24,1009.9,1014.3,0.0,9.1,-4.1,4.5,39.0,6.9,337.5,0.0,0.0,0.0,0.0
2000-01-11,1,1010.5,1014.9,0.0,8.2,-3.9,4.6,42.0,6.3,337.5,0.0,0.0,0.0,0.0
2000-01-11,2,1011.1,1015.5,0.0,7.6,-5.1,4.2,40.0,4.6,0,0.0,0.0,0.0,0.0
2000-01-11,3,1011.8,1016.2,0.0,7.4,-5.0,4.2,41.0,3.7,0,0.0,0.0,0.0,0.0
2000-01-11,4,1012.1,1016.5,0.0,7.6,-4.5,4.4,42.0,5.8,337.5,0.0,0.0,0.0,0.0
2000-01-11,5,1012.8,1017.2,0.0,7.5,-4.2,4.5,43.0,5.1,337.5,0.0,0.0,0.0,0.0
2000-01-11,6,1013.8,1018.2,0.0,7.4,-4.3,4.4,43.0,4.5,337.5,0.0,0.0,0.0,0.0
2000-01-11,7,1014.8,1019.2,0.0,7.4,-4.3,4.4,43.0,6.8,337.5,0.0,0.0,0.0,0.0
2000-01-11,8,1015.4,1019.8,0.0,7.3,-4.7,4.3,42.0,5.2,337.5,0.0,36.111111111111114,0.0,0.0
2000-01-11,9,1016.4,1020.8,0.0,8.3,-4.8,4.3,39.0,5.7,337.5,0.6,188.88888888888889,0.0,0.0
2000-01-11,10,1017.0,1021.4,0.0,8.5,-5.0,4.2,38.0,5.7,337.5,0.4,288.8888888888889,0.0,0.0
2000-01-11,11,1016.7,1021.1,0.0,9.8,-6.5,3.8,31.0,6.1,337.5,0.9,491.6666666666667,0.0,0.0
2000-01-11,12,1015.8,1020.2,0.0,10.7,-6.1,3.9,30.0,7.0,315,1.0,525.0,0.0,0.0
2000-01-11,13,1015.5,1019.9,0.0,11.3,-7.0,3.6,27.0,5.5,337.5,1.0,513.8888888888889,0.0,0.0
2000-01-11,14,1015.4,1019.8,0.0,11.1,-8.2,3.3,25.0,6.2,337.5,1.0,441.6666666666667,0.0,0.0
2000-01-11,15,1016.1,1020.5,0.0,10.4,-8.3,3.3,26.0,7.2,315,1.0,313.8888888888889,0.0,0.0
2000-01-11,16,1016.7,1021.1,0.0,10.0,-8.1,3.3,27.0,3.8,337.5,1.0,152.77777777777777,0.0,0.0
2000-01-11,17,1018.1,1022.5,0.0,8.8,-7.8,3.4,30.0,6.5,337.5,0.5,22.22222222222222,0.0,0.0
2000-01-11,18,1018.7,1023.1,0.0,8.1,-8.4,3.3,30.0,6.3,337.5,0.0,0.0,0.0,0.0
2000-01-11,19,1019.4,1023.8,0.0,7.4,-9.0,3.1,30.0,5.2,337.5,0.0,0.0,0.0,0.0
2000-01-11,20,1019.7,1024.1,0.0,6.8,-8.0,3.4,34.0,4.8,337.5,0.0,0.0,0.0,0.0
2000-01-11,21,1020.2,1024.7,0.0,6.3,-7.3,3.5,37.0,5.8,337.5,0.0,0.0,0.0,0.0
2000-01-11,22,1020.1,1024.6,0.0,6.0,-6.9,3.7,39.0,5.0,337.5,0.0,0.0,0.0,0.0
2000-01-11,23,1020.1,1024.6,0.0,5.7,-6.8,3.7,40.0,4.7,337.5,0.0,0.0,0.0,0.0
2000-01-11,24,1019.8,1024.3,0.0,5.2,-7.0,3.6,41.0,3.5,0,0.0,0.0,0.0,0.0
2000-01-12,1,1020.0,1024.5,0.0,4.9,-6.3,3.8,44.0,2.6,0,0.0,0.0,0.0,0.0
2000-01-12,2,1020.1,1024.6,0.0,4.7,-6.5,3.8,44.0,2.5,337.5,0.0,0.0,0.0,0.0
2000-01-12,3,1020.0,1024.5,0.0,4.5,-6.1,3.9,46.0,3.7,0,0.0,0.0,0.0,0.0
2000-01-12,4,1020.2,1024.7,0.0,4.3,-5.2,4.2,50.0,3.2,0,0.0,0.0,0.0,0.0
2000-01-12,5,1020.7,1025.2,0.0,4.2,-5.8,4.0,48.0,2.8,337.5,0.0,0.0,0.0,0.0
2000-01-12,6,1021.1,1025.6,0.0,4.6,-6.0,3.9,46.0,2.5,337.5,0.0,0.0,0.0,0.0
2000-01-12,7,1021.8,1026.3,0.0,4.8,-6.7,3.7,43.0,3.9,0,0.0,0.0,0.0,0.0
2000-01-12,8,1022.4,1026.9,0.0,4.6,-6.9,3.7,43.0,3.2,0,0.0,13.88888888888889,0.0,0.0
2000-01-12,9,1022.4,1026.9,0.0,4.8,-6.7,3.7,43.0,4.3,0,0.0,47.22222222222222,0.0,0.0
2000-01-12,10,1022.6,1027.1,0.0,5.3,-6.3,3.8,43.0,4.3,337.5,0.0,69.44444444444444,0.0,0.0
2000-01-12,11,1021.5,1026.0,0.0,5.6,-6.3,3.8,42.0,3.5,337.5,0.0,55.55555555555556,0.0,0.0
2000-01-12,12,1021.0,1025.5,0.0,5.4,-4.7,4.3,48.0,2.6,0,0.0,27.77777777777778,0.0,0.0
2000-01-12,13,1020.8,1025.3,1.5,2.9,0.0,6.1,81.0,3.8,337.5,0.0,30.555555555555557,0.0,0.0
2000-01-12,14,1020.4,1024.9,1.5,2.7,0.9,6.5,88.0,2.9,337.5,0.0,41.666666666666664,0.0,0.0
2000-01-12,15,1020.5,1025.0,2.0,2.7,1.2,6.7,90.0,3.2,337.5,0.0,25.0,0.0,0.0
2000-01-12,16,1020.9,1025.4,2.0,3.1,1.6,6.9,90.0,3.8,337.5,0.0,0.0,0.0,0.0
2000-01-12,17,1020.4,1024.9,2.5,2.7,1.2,6.7,90.0,5.3,337.5,0.0,2.7777777777777777,0.0,0.0
2000-01-12,18,1020.5,1025.0,1.5,2.7,1.4,6.8,91.0,4.4,0,0.0,0.0,0.0,0.0
2000-01-12,19,1020.3,1024.8,1.0,2.7,1.4,6.8,91.0,5.1,337.5,0.0,0.0,0.0,0.0
2000-01-12,20,1019.9,1024.4,1.0,2.6,1.3,6.7,91.0,4.9,337.5,0.0,0.0,0.0,0.0
2000-01-12,21,1019.2,1023.7,1.5,2.8,1.6,6.9,92.0,3.7,0,0.0,0.0,0.0,0.0
2000-01-12,22,1018.4,1022.9,1.0,3.1,2.1,7.1,93.0,4.0,337.5,0.0,0.0,0.0,0.0
2000-01-12,23,1017.3,1021.8,0.0,3.2,2.0,7.1,92.0,3.5,337.5,0.0,0.0,0.0,0.0
2000-01-12,24,1016.3,1020.8,0.0,3.1,1.9,7.0,92.0,3.8,337.5,0.0,0.0,0.0,0.0
2000-01-13,1,1014.8,1019.3,0.5,2.9,1.9,7.0,93.0,3.6,337.5,0.0,0.0,0.0,0.0
2000-01-13,2,1014.2,1018.7,0.0,3.3,2.1,7.1,92.0,4.5,337.5,0.0,0.0,0.0,0.0
2000-01-13,3,1013.3,1017.8,0.5,3.4,2.4,7.3,93.0,4.9,337.5,0.0,0.0,0.0,0.0
2000-01-13,4,1012.0,1016.5,1.5,3.5,2.6,7.4,94.0,3.3,337.5,0.0,0.0,0.0,0.0
2000-01-13,5,1011.1,1015.6,1.5,3.6,2.7,7.4,94.0,4.8,337.5,0.0,0.0,0.0,0.0
2000-01-13,6,1009.7,1014.2,4.0,3.9,3.0,7.6,94.0,4.9,337.5,0.0,0.0,0.0,0.0
2000-01-13,7,1009.4,1013.8,1.5,4.1,3.1,7.6,93.0,3.1,337.5,0.0,0.0,0.0,0.0
2000-01-13,8,1009.0,1013.4,0.0,4.6,3.3,7.7,91.0,4.2,337.5,0.0,5.555555555555555,0.0,0.0
2000-01-13,9,1008.5,1012.9,0.0,5.1,3.4,7.8,89.0,4.7,337.5,0.0,36.111111111111114,0.0,0.0
2000-01-13,10,1007.8,1012.2,0.0,6.0,4.2,8.2,88.0,3.4,337.5,0.0,61.111111111111114,0.0,0.0
2000-01-13,11,1006.5,1010.9,0.0,7.5,5.6,9.1,88.0,1.6,337.5,0.0,88.88888888888889,0.0,0.0
2000-01-13,12,1004.9,1009.3,0.0,8.6,5.9,9.3,83.0,1.6,315,0.0,127.77777777777777,0.0,0.0
2000-01-13,13,1003.5,1007.8,0.0,9.7,6.4,9.6,80.0,1.6,337.5,0.0,208.33333333333334,0.0,0.0
2000-01-13,14,1002.6,1006.9,0.0,10.2,6.4,9.6,77.0,1.4,0,0.0,186.11111111111111,0.0,0.0
2000-01-13,15,1002.5,1006.8,0.0,10.3,6.5,9.7,77.0,1.5,45,0.0,77.77777777777777,0.0,0.0
2000-01-13,16,1002.4,1006.7,0.0,10.1,6.8,9.9,80.0,1.6,337.5,0.0,27.77777777777778,0.0,0.0
2000-01-13,17,1001.9,1006.2,3.5,9.3,7.7,10.5,90.0,3.1,0,0.0,0.0,0.0,0.0
2000-01-13,18,1001.3,1005.6,1.0,9.4,8.0,10.7,91.0,2.4,0,0.0,0.0,0.0,0.0
2000-01-13,19,1000.7,1005.0,1.0,9.2,8.1,10.8,93.0,2.7,337.5,0.0,0.0,0.0,0.0
2000-01-13,20,1000.4,1004.7,0.0,9.1,8.0,10.7,93.0,3.0,0,0.0,0.0,0.0,0.0
2000-01-13,21,1000.5,1004.8,0.0,9.3,8.2,10.9,93.0,3.0,0,0.0,0.0,0.0,0.0
2000-01-13,22,1000.9,1005.2,0.0,9.4,8.2,10.9,92.0,1.6,337.5,0.0,0.0,0.0,0.0
2000-01-13,23,1000.8,1005.1,0.0,9.3,8.2,10.9,93.0,0.5,202.5,0.0,0.0,0.0,0.0
2000-01-13,24,999.9,1004.2,0.0,9.4,8.5,11.1,94.0,1.4,247.5,0.0,0.0,0.0,0.0
2000-01-14,1,999.0,1003.3,0.0,9.8,8.7,11.2,93.0,1.3,202.5,0.0,0.0,0.0,0.0
2000-01-14,2,999.9,1004.2,0.0,9.8,8.9,11.4,94.0,1.1,315,0.0,0.0,0.0,0.0
2000-01-14,3,999.7,1004.0,0.0,9.2,8.4,11.0,95.0,2.0,180,0.0,0.0,0.0,0.0
2000-01-14,4,999.8,1004.1,0.0,10.3,8.9,11.4,91.0,1.7,67.5,0.0,0.0,0.0,0.0
2000-01-14,5,1000.3,1004.6,0.0,9.3,8.1,10.8,92.0,3.1,22.5,0.0,0.0,0.0,0.0
2000-01-14,6,1001.4,1005.7,0.0,8.8,7.9,10.7,94.0,2.7,0,0.0,0.0,0.0,0.0
2000-01-14,7,1001.9,1006.2,0.0,8.8,7.7,10.5,93.0,2.1,337.5,0.0,0.0,0.0,0.0
2000-01-14,8,1002.9,1007.2,0.0,9.2,8.1,10.8,93.0,2.0,315,0.0,19.444444444444443,0.0,0.0
2000-01-14,9,1003.9,1008.2,0.0,10.4,8.7,11.2,89.0,1.1,315,0.0,86.11111111111111,0.0,0.0
2000-01-14,10,1004.5,1008.8,0.0,10.0,8.4,11.0,90.0,1.8,337.5,0.0,172.22222222222223,0.0,0.0
2000-01-14,11,1004.4,1008.7,0.0,11.7,6.8,9.9,72.0,2.1,337.5,0.9,430.55555555555554,0.0,0.0
2000-01-14,12,1004.1,1008.4,0.0,14.2,5.6,9.1,56.0,3.9,337.5,1.0,497.22222222222223,0.0,0.0
2000-01-14,13,1003.8,1008.0,0.0,15.4,3.5,7.9,45.0,3.1,0,1.0,486.1111111111111,0.0,0.0
2000-01-14,14,1003.9,1008.1,0.0,16.2,-0.9,5.7,31.0,3.1,337.5,1.0,425.0,0.0,0.0
2000-01-14,15,1004.7,1008.9,0.0,15.7,-2.3,5.2,29.0,3.6,337.5,1.0,313.8888888888889,0.0,0.0
2000-01-14,16,1005.9,1010.2,0.0,15.1,-2.3,5.2,30.0,3.3,22.5,1.0,152.77777777777777,0.0,0.0
2000-01-14,17,1006.6,1010.9,0.0,14.4,-3.4,4.8,29.0,3.3,337.5,0.2,19.444444444444443,0.0,0.0
2000-01-14,18,1007.9,1012.2,0.0,14.1,-2.3,5.2,32.0,3.2,337.5,0.0,0.0,0.0,0.0
2000-01-14,19,1009.4,1013.7,0.0,12.8,-2.3,5.2,35.0,4.2,337.5,0.0,0.0,0.0,0.0
2000-01-14,20,1009.6,1013.9,0.0,12.2,-2.0,5.3,37.0,4.7,337.5,0.0,0.0,0.0,0.0
2000-01-14,21,1009.8,1014.1,0.0,11.4,-1.4,5.5,41.0,3.2,0,0.0,0.0,0.0,0.0
2000-01-14,22,1010.0,1014.3,0.0,11.3,-0.8,5.8,43.0,3.4,337.5,0.0,0.0,0.0,0.0
2000-01-14,23,1010.7,1015.0,0.0,10.9,-0.5,5.9,45.0,3.5,337.5,0.0,0.0,0.0,0.0
2000-01-14,24,1010.6,1014.9,0.0,10.6,0.1,6.2,48.0,3.7,45,0.0,0.0,0.0,0.0
2000-01-15,1,1011.2,1015.6,0.0,10.1,0.2,6.2,50.0,2.6,337.5,0.0,0.0,0.0,0.0
2000-01-15,2,1011.0,1015.4,0.0,10.1,0.2,6.2,50.0,3.9,0,0.0,0.0,0.0,0.0
2000-01-15,3,1011.8,1016.2,0.0,9.9,0.2,6.2,51.0,2.4,22.5,0.0,0.0,0.0,0.0
2000-01-15,4,1012.1,1016.5,1.0,8.5,2.7,7.4,67.0,2.6,45,0.0,0.0,0.0,0.0
2000-01-15,5,1012.3,1016.7,0.5,8.2,3.3,7.7,71.0,4.1,45,0.0,0.0,0.0,0.0
2000-01-15,6,1013.4,1017.8,0.0,8.0,2.7,7.4,69.0,2.3,67.5,0.0,0.0,0.0,0.0
2000-01-15,7,1014.1,1018.5,0.0,7.4,3.8,8.0,78.0,3.7,90,0.0,0.0,0.0,0.0
2000-01-15,8,1015.0,1019.4,0.0,7.5,3.9,8.1,78.0,2.7,45,0.0,30.555555555555557,0.0,0.0
2000-01-15,9,1015.4,1019.8,0.0,8.1,3.9,8.1,75.0,3.0,67.5,0.2,83.33333333333333,0.0,0.0
2000-01-15,10,1015.7,1020.1,0.0,8.8,3.6,7.9,70.0,3.8,90,0.4,216.66666666666666,0.0,0.0
2000-01-15,11,1015.3,1019.7,0.0,8.9,3.3,7.7,68.0,3.0,90,0.4,269.44444444444446,0.0,0.0
2000-01-15,12,1014.6,1019.0,0.0,9.8,1.7,6.9,57.0,4.1,67.5,0.7,394.44444444444446,0.0,0.0
2000-01-15,13,1014.3,1018.7,0.0,10.0,1.1,6.6,54.0,2.7,67.5,0.8,433.3333333333333,0.0,0.0
2000-01-15,14,1014.1,1018.5,0.0,10.5,0.3,6.2,49.0,2.9,45,0.8,361.1111111111111,0.0,0.0
2000-01-15,15,1014.3,1018.7,0.0,10.6,-0.5,5.9,46.0,3.3,67.5,1.0,288.8888888888889,0.0,0.0
2000-01-15,16,1015.2,1019.6,0.0,10.4,0.2,6.2,49.0,3.4,90,0.9,144.44444444444446,0.0,0.0
2000-01-15,17,1016.1,1020.5,0.0,9.8,0.2,6.2,51.0,3.4,90,0.2,22.22222222222222,0.0,0.0
2000-01-15,18,1017.3,1021.7,0.0,9.5,1.4,6.8,57.0,4.4,67.5,0.0,0.0,0.0,0.0
2000-01-15,19,1018.1,1022.5,0.0,9.4,1.8,7.0,59.0,3.7,45,0.0,0.0,0.0,0.0
2000-01-15,20,1018.4,1022.8,0.0,8.9,0.6,6.4,56.0,2.7,67.5,0.0,0.0,0.0,0.0
2000-01-15,21,1018.8,1023.2,0.0,8.9,1.1,6.6,58.0,2.3,22.5,0.0,0.0,0.0,0.0
2000-01-15,22,1019.1,1023.5,0.0,8.6,0.1,6.2,55.0,2.4,45,0.0,0.0,0.0,0.0
2000-01-15,23,1019.2,1023.6,0.0,7.9,-2.7,5.0,47.0,3.7,67.5,0.0,0.0,0.0,0.0
2000-01-15,24,1018.9,1023.3,0.0,7.6,-2.7,5.0,48.0,2.9,45,0.0,0.0,0.0,0.0
2000-01-16,1,1018.6,1023.0,0.0,7.3,-3.2,4.8,47.0,3.4,45,0.0,0.0,0.0,0.0
2000-01-16,2,1018.6,1023.0,0.0,7.3,-3.8,4.6,45.0,2.7,67.5,0.0,0.0,0.0,0.0
2000-01-16,3,1018.6,1023.0,0.0,7.3,-3.8,4.6,45.0,2.2,22.5,0.0,0.0,0.0,0.0
2000-01-16,4,1018.8,1023.2,0.0,7.2,-4.8,4.3,42.0,2.0,45,0.0,0.0,0.0,0.0
2000-01-16,5,1018.8,1023.2,0.0,7.0,-3.8,4.6,46.0,2.2,0,0.0,0.0,0.0,0.0
2000-01-16,6,1019.1,1023.5,0.0,6.5,-2.6,5.1,52.0,2.2,0,0.0,0.0,0.0,0.0
2000-01-16,7,1019.2,1023.7,0.0,5.4,-2.0,5.3,59.0,3.7,0,0.0,0.0,0.0,0.0
2000-01-16,8,1019.6,1024.1,0.0,5.4,-2.0,5.3,59.0,2.7,337.5,0.1,41.666666666666664,0.0,0.0
2000-01-16,9,1019.5,1024.0,0.0,5.7,-1.7,5.4,59.0,2.8,0,0.0,91.66666666666667,0.0,0.0
2000-01-16,10,1019.3,1023.8,0.0,6.3,-1.6,5.4,57.0,2.7,0,0.0,163.88888888888889,0.0,0.0
2000-01-16,11,1018.6,1023.0,0.0,7.7,-1.8,5.4,51.0,1.9,337.5,0.1,288.8888888888889,0.0,0.0
2000-01-16,12,1016.8,1021.2,0.0,8.8,-1.9,5.3,47.0,3.2,45,0.8,411.1111111111111,0.0,0.0
2000-01-16,13,1016.2,1020.6,0.0,8.8,-1.9,5.3,47.0,2.3,90,0.1,272.22222222222223,0.0,0.0
2000-01-16,14,1015.3,1019.7,0.0,8.9,-1.8,5.4,47.0,2.3,0,0.0,166.66666666666666,0.0,0.0
2000-01-16,15,1015.0,1019.4,0.0,9.5,-1.2,5.6,47.0,2.2,45,0.0,100.0,0.0,0.0
2000-01-16,16,1014.6,1019.0,0.0,9.5,-0.9,5.7,48.0,2.9,67.5,0.0,47.22222222222222,0.0,0.0
2000-01-16,17,1014.5,1018.9,0.0,9.6,-0.3,6.0,50.0,1.9,90,0.0,11.11111111111111,0.0,0.0
2000-01-16,18,1014.9,1019.3,0.0,9.2,0.6,6.4,55.0,2.7,67.5,0.0,0.0,0.0,0.0
2000-01-16,19,1015.0,1019.4,0.0,8.9,1.6,6.9,60.0,3.1,67.5,0.0,0.0,0.0,0.0
2000-01-16,20,1014.8,1019.2,0.0,8.8,1.2,6.7,59.0,3.1,45,0.0,0.0,0.0,0.0
2000-01-16,21,1014.7,1019.1,0.0,8.5,-0.3,6.0,54.0,2.5,22.5,0.0,0.0,0.0,0.0
2000-01-16,22,1013.9,1018.3,0.0,8.1,-0.4,5.9,55.0,3.0,0,0.0,0.0,0.0,0.0
2000-01-16,23,1013.2,1017.6,0.0,8.0,-0.2,6.0,56.0,2.8,0,0.0,0.0,0.0,0.0
2000-01-16,24,1012.5,1016.9,0.0,7.4,0.4,6.3,61.0,4.2,0,0.0,0.0,0.0,0.0
2000-01-17,1,1011.9,1016.3,0.0,6.4,1.9,7.0,73.0,4.7,0,0.0,0.0,0.0,0.0
2000-01-17,2,1011.7,1016.1,1.0,5.9,2.7,7.4,80.0,3.2,337.5,0.0,0.0,0.0,0.0
2000-01-17,3,1011.7,1016.1,1.0,5.4,2.7,7.4,83.0,2.4,337.5,0.0,0.0,0.0,0.0
2000-01-17,4,1011.3,1015.7,1.5,5.4,3.2,7.7,86.0,3.8,0,0.0,0.0,0.0,0.0
2000-01-17,5,1011.6,1016.0,1.5,4.9,2.9,7.5,87.0,4.0,337.5,0.0,0.0,0.0,0.0
2000-01-17,6,1011.7,1016.2,3.0,4.1,2.3,7.2,88.0,3.8,337.5,0.0,0.0,0.0,0.0
2000-01-17,7,1011.9,1016.4,4.0,3.6,2.0,7.1,89.0,4.2,0,0.0,0.0,0.0,0.0
2000-01-17,8,1012.2,1016.7,2.5,3.3,2.0,7.1,91.0,4.9,337.5,0.0,2.7777777777777777,0.0,0.0
2000-01-17,9,1012.7,1017.2,2.0,2.6,1.3,6.7,91.0,3.7,337.5,0.0,11.11111111111111,0.0,0.0
2000-01-17,10,1012.6,1017.1,1.0,3.1,1.8,7.0,91.0,4.4,0,0.0,25.0,0.0,0.0
2000-01-17,11,1011.6,1016.1,1.0,3.7,2.5,7.3,92.0,4.4,337.5,0.0,58.333333333333336,0.0,0.0
2000-01-17,12,1010.0,1014.5,0.0,4.0,2.2,7.2,88.0,4.7,337.5,0.0,175.0,0.0,0.0
2000-01-17,13,1008.7,1013.1,0.5,5.1,2.6,7.4,84.0,4.8,0,0.0,216.66666666666666,0.0,0.0
2000-01-17,14,1008.4,1012.8,0.0,6.2,2.8,7.5,79.0,4.5,337.5,0.0,163.88888888888889,0.0,0.0
2000-01-17,15,1008.1,1012.5,0.0,6.9,3.2,7.7,77.0,4.2,337.5,0.0,66.66666666666667,0.0,0.0
2000-01-17,16,1008.7,1013.1,0.0,7.4,3.1,7.6,74.0,4.2,337.5,0.0,27.77777777777778,0.0,0.0
2000-01-17,17,1009.3,1013.7,0.0,7.2,2.9,7.5,74.0,3.1,337.5,0.0,2.7777777777777777,0.0,0.0
2000-01-17,18,1009.3,1013.7,0.0,7.6,3.5,7.9,75.0,3.6,337.5,0.0,0.0,0.0,0.0
2000-01-17,19,1009.5,1013.9,0.0,7.6,3.1,7.6,73.0,4.2,337.5,0.0,0.0,0.0,0.0
2000-01-17,20,1009.8,1014.2,0.0,7.7,3.2,7.7,73.0,2.7,337.5,0.0,0.0,0.0,0.0
2000-01-17,21,1009.2,1013.6,0.0,7.6,2.7,7.4,71.0,3.6,0,0.0,0.0,0.0,0.0
2000-01-17,22,1009.0,1013.4,0.0,7.3,2.8,7.5,73.0,3.2,0,0.0,0.0,0.0,0.0
2000-01-17,23,1009.2,1013.6,0.0,7.4,1.9,7.0,68.0,3.2,337.5,0.0,0.0,0.0,0.0
2000-01-17,24,1008.6,1013.0,0.0,7.1,2.2,7.2,71.0,3.7,22.5,0.0,0.0,0.0,0.0
2000-01-18,1,1008.2,1012.6,0.0,7.1,1.2,6.7,66.0,3.1,22.5,0.0,0.0,0.0,0.0
2000-01-18,2,1008.0,1012.4,0.0,7.2,0.4,6.3,62.0,3.3,0,0.0,0.0,0.0,0.0
2000-01-18,3,1007.8,1012.2,0.0,6.8,0.7,6.4,65.0,3.3,22.5,0.0,0.0,0.0,0.0
2000-01-18,4,1007.5,1011.9,0.0,6.5,0.6,6.4,66.0,3.6,22.5,0.0,0.0,0.0,0.0
2000-01-18,5,1007.5,1011.9,0.0,6.4,1.1,6.6,69.0,2.8,22.5,0.0,0.0,0.0,0.0
2000-01-18,6,1007.8,1012.2,0.0,6.4,0.5,6.3,66.0,2.6,45,0.0,0.0,0.0,0.0
2000-01-18,7,1008.4,1012.8,0.0,6.4,0.5,6.3,66.0,2.0,45,0.0,0.0,0.0,0.0
2000-01-18,8,1009.2,1013.6,0.0,6.9,-0.1,6.1,61.0,3.4,45,0.7,52.77777777777778,0.0,0.0
2000-01-18,9,1009.7,1014.1,0.0,7.5,-1.2,5.6,54.0,4.3,22.5,1.0,211.11111111111111,0.0,0.0
2000-01-18,10,1009.6,1014.0,0.0,9.4,-1.6,5.4,46.0,4.0,22.5,1.0,372.22222222222223,0.0,0.0
2000-01-18,11,1009.1,1013.5,0.0,9.5,-2.4,5.1,43.0,2.6,67.5,1.0,472.22222222222223,0.0,0.0
2000-01-18,12,1007.8,1012.1,0.0,10.2,-1.8,5.4,43.0,2.9,45,1.0,525.0,0.0,0.0
2000-01-18,13,1007.0,1011.3,0.0,10.5,-2.2,5.2,41.0,3.1,45,1.0,513.8888888888889,0.0,0.0
2000-01-18,14,1006.9,1011.2,0.0,11.2,-1.6,5.4,41.0,2.6,337.5,1.0,441.6666666666667,0.0,0.0
2000-01-18,15,1007.1,1011.4,0.0,10.7,-1.4,5.5,43.0,3.2,45,1.0,319.44444444444446,0.0,0.0
2000-01-18,16,1007.3,1011.6,0.0,10.3,-0.5,5.9,47.0,3.8,90,0.2,83.33333333333333,0.0,0.0
2000-01-18,17,1008.1,1012.4,0.0,9.6,0.0,6.1,51.0,3.7,90,0.0,11.11111111111111,0.0,0.0
2000-01-18,18,1008.8,1013.2,0.0,9.2,0.4,6.3,54.0,3.4,67.5,0.0,0.0,0.0,0.0
2000-01-18,19,1009.7,1014.1,0.0,7.9,1.1,6.6,62.0,4.2,90,0.0,0.0,0.0,0.0
2000-01-18,20,1010.3,1014.7,0.0,7.4,1.0,6.6,64.0,5.0,90,0.0,0.0,0.0,0.0
2000-01-18,21,1010.7,1015.1,0.0,7.4,0.6,6.4,62.0,3.5,90,0.0,0.0,0.0,0.0
2000-01-18,22,1011.0,1015.4,0.0,7.4,0.4,6.3,61.0,4.8,90,0.0,0.0,0.0,0.0
2000-01-18,23,1010.9,1015.3,0.0,7.4,-1.0,5.7,55.0,3.2,90,0.0,0.0,0.0,0.0
2000-01-18,24,1010.7,1015.1,0.0,6.8,-0.9,5.7,58.0,3.5,90,0.0,0.0,0.0,0.0
2000-01-19,1,1010.6,1015.0,0.0,6.9,-1.5,5.5,55.0,3.4,90,0.0,0.0,0.0,0.0
2000-01-19,2,1011.1,1015.5,0.0,6.7,-1.7,5.4,55.0,3.5,45,0.0,0.0,0.0,0.0
2000-01-19,3,1010.8,1015.2,0.0,5.9,-2.4,5.1,55.0,2.7,0,0.0,0.0,0.0,0.0
2000-01-19,4,1010.8,1015.2,0.0,5.5,-2.8,5.0,55.0,2.5,0,0.0,0.0,0.0,0.0
2000-01-19,5,1010.7,1015.1,0.0,5.4,-2.7,5.0,56.0,2.0,0,0.0,0.0,0.0,0.0
2000-01-19,6,1011.0,1015.4,0.0,5.7,-2.4,5.1,56.0,2.7,22.5,0.0,0.0,0.0,0.0
2000-01-19,7,1011.5,1015.9,0.0,5.6,-2.7,5.0,55.0,3.0,0,0.0,0.0,0.0,0.0
2000-01-19,8,1011.6,1016.0,0.0,5.9,-2.7,5.0,54.0,2.6,0,0.0,33.333333333333336,0.0,0.0
2000-01-19,9,1012.1,1016.5,0.0,6.1,-2.7,5.0,53.0,3.3,0,0.0,36.111111111111114,0.0,0.0
2000-01-19,10,1012.0,1016.4,0.0,6.0,-0.9,5.7,61.0,3.6,337.5,0.0,69.44444444444444,0.0,0.0
2000-01-19,11,1011.5,1015.9,0.0,6.0,-0.9,5.7,61.0,2.4,22.5,0.0,80.55555555555556,0.0,0.0
2000-01-19,12,1010.6,1015.0,0.5,4.6,1.1,6.6,78.0,2.6,112.5,0.0,55.55555555555556,0.0,0.0
2000-01-19,13,1009.9,1014.3,1.5,4.3,2.2,7.2,86.0,1.6,45,0.0,55.55555555555556,0.0,0.0
2000-01-19,14,1009.5,1013.9,1.5,4.6,2.3,7.2,85.0,2.1,22.5,0.0,61.111111111111114,0.0,0.0
2000-01-19,15,1009.3,1013.7,1.5,5.1,2.8,7.5,85.0,2.3,22.5,0.0,69.44444444444444,0.0,0.0
2000-01-19,16,1008.9,1013.3,0.0,5.4,2.7,7.4,83.0,1.8,67.5,0.0,36.111111111111114,0.0,0.0
2000-01-19,17,1008.7,1013.1,0.0,5.9,2.9,7.5,81.0,2.1,67.5,0.0,5.555555555555555,0.0,0.0
2000-01-19,18,1009.0,1013.4,0.0,5.7,2.3,7.2,79.0,2.5,45,0.0,0.0,0.0,0.0
2000-01-19,19,1008.9,1013.3,0.0,6.0,2.6,7.4,79.0,1.6,0,0.0,0.0,0.0,0.0
2000-01-19,20,1008.7,1013.1,0.0,5.4,2.4,7.3,81.0,2.2,337.5,0.0,0.0,0.0,0.0
2000-01-19,21,1008.6,1013.0,0.0,5.0,2.7,7.4,85.0,1.6,337.5,0.0,0.0,0.0,0.0
2000-01-19,22,1008.0,1012.4,0.0,5.3,2.6,7.4,83.0,2.3,337.5,0.0,0.0,0.0,0.0
2000-01-19,23,1006.9,1011.3,0.0,5.3,2.3,7.2,81.0,1.2,45,0.0,0.0,0.0,0.0
2000-01-19,24,1005.9,1010.3,0.0,3.7,2.4,7.3,91.0,0.8,225,0.0,0.0,0.0,0.0
2000-01-20,1,1005.4,1009.8,0.0,4.4,2.9,7.5,90.0,1.4,225,0.0,0.0,0.0,0.0
2000-01-20,2,1004.9,1009.3,0.0,6.2,3.2,7.7,81.0,0.9,337.5,0.0,0.0,0.0,0.0
2000-01-20,3,1005.1,1009.5,0.0,5.3,2.5,7.3,82.0,2.5,337.5,0.0,0.0,0.0,0.0
2000-01-20,4,1004.7,1009.1,0.0,5.3,2.0,7.1,79.0,1.8,337.5,0.0,0.0,0.0,0.0
2000-01-20,5,1004.1,1008.5,0.0,4.9,2.3,7.2,83.0,2.0,337.5,0.0,0.0,0.0,0.0
2000-01-20,6,1004.4,1008.8,0.0,4.9,1.2,6.7,77.0,1.2,337.5,0.0,0.0,0.0,0.0
2000-01-20,7,1004.9,1009.3,0.0,3.7,1.6,6.9,86.0,0.9,270,0.0,0.0,0.0,0.0
2000-01-20,8,1005.3,1009.7,0.0,5.2,1.7,6.9,78.0,0.8,247.5,0.8,61.111111111111114,0.0,0.0
2000-01-20,9,1005.7,1010.1,0.0,6.9,1.4,6.8,68.0,1.5,22.5,0.9,177.77777777777777,0.0,0.0
2000-01-20,10,1005.6,1009.9,0.0,9.1,0.3,6.2,54.0,2.3,22.5,1.0,327.77777777777777,0.0,0.0
2000-01-20,11,1005.1,1009.4,0.0,10.2,-2.8,5.0,40.0,1.1,45,1.0,438.8888888888889,0.0,0.0
2000-01-20,12,1004.0,1008.3,0.0,10.6,-3.1,4.9,38.0,1.4,202.5,0.9,433.3333333333333,0.0,0.0
2000-01-20,13,1003.0,1007.3,0.0,12.0,-3.4,4.8,34.0,1.0,315,1.0,483.3333333333333,0.0,0.0
2000-01-20,14,1002.8,1007.1,0.0,11.6,-2.6,5.1,37.0,3.1,22.5,1.0,366.6666666666667,0.0,0.0
2000-01-20,15,1002.9,1007.2,0.0,11.2,-4.1,4.5,34.0,3.3,45,0.3,147.22222222222223,0.0,0.0
2000-01-20,16,1003.4,1007.7,0.0,10.8,-11.9,2.5,19.0,5.0,0,0.5,122.22222222222223,0.0,0.0
2000-01-20,17,1004.0,1008.3,0.0,10.2,-15.3,1.9,15.0,4.6,337.5,0.4,33.333333333333336,0.0,0.0
2000-01-20,18,1004.9,1009.2,0.0,9.6,-15.0,1.9,16.0,3.7,315,0.0,0.0,0.0,0.0
2000-01-20,19,1005.8,1010.2,0.0,8.7,-14.3,2.0,18.0,4.4,315,0.0,0.0,0.0,0.0
2000-01-20,20,1006.6,1011.0,0.0,7.9,-13.7,2.1,20.0,5.8,315,0.0,0.0,0.0,0.0
2000-01-20,21,1007.1,1011.5,0.0,6.9,-13.3,2.2,22.0,6.6,315,0.0,0.0,0.0,0.0
2000-01-20,22,1007.4,1011.8,0.0,6.2,-12.9,2.3,24.0,3.6,315,0.0,0.0,0.0,0.0
2000-01-20,23,1007.5,1011.9,0.0,5.9,-14.7,2.0,21.0,4.3,292.5,0.0,0.0,0.0,0.0
2000-01-20,24,1007.9,1012.3,0.0,5.0,-13.4,2.2,25.0,3.1,292.5,0.0,0.0,0.0,0.0
2000-01-21,1,1009.2,1013.6,0.0,4.8,-12.2,2.4,28.0,6.0,315,0.0,0.0,0.0,0.0
2000-01-21,2,1010.1,1014.6,0.0,4.0,-9.7,2.9,36.0,6.3,315,0.0,0.0,0.0,0.0
2000-01-21,3,1011.0,1015.5,0.0,3.8,-9.5,3.0,37.0,5.5,315,0.0,0.0,0.0,0.0
2000-01-21,4,1011.6,1016.1,0.0,3.2,-9.4,3.0,39.0,4.5,315,0.0,0.0,0.0,0.0
2000-01-21,5,1012.4,1016.9,0.0,3.2,-10.4,2.8,36.0,6.0,315,0.0,0.0,0.0,0.0
2000-01-21,6,1013.9,1018.4,0.0,3.1,-10.5,2.8,36.0,7.1,337.5,0.0,0.0,0.0,0.0
2000-01-21,7,1015.3,1019.8,0.0,2.8,-10.8,2.7,36.0,3.8,337.5,0.0,0.0,0.0,0.0
2000-01-21,8,1016.3,1020.8,0.0,3.3,-11.1,2.6,34.0,4.8,337.5,1.0,83.33333333333333,0.0,0.0
2000-01-21,9,1016.8,1021.3,0.0,3.5,-13.3,2.2,28.0,5.0,315,1.0,241.66666666666666,0.0,0.0
2000-01-21,10,1017.2,1021.7,0.0,5.0,-14.4,2.0,23.0,5.7,292.5,1.0,416.6666666666667,0.0,0.0
2000-01-21,11,1016.9,1021.4,0.0,5.3,-17.1,1.6,18.0,4.1,315,1.0,538.8888888888889,0.0,0.0
2000-01-21,12,1016.2,1020.6,0.0,6.5,-16.1,1.7,18.0,5.7,315,1.0,594.4444444444445,0.0,0.0
2000-01-21,13,1015.6,1020.0,0.0,6.3,-20.1,1.2,13.0,8.6,337.5,1.0,583.3333333333334,0.0,0.0
2000-01-21,14,1016.1,1020.5,0.0,6.2,-21.1,1.1,12.0,7.9,315,1.0,494.44444444444446,0.0,0.0
2000-01-21,15,1017.0,1021.5,0.0,5.7,-19.7,1.3,14.0,7.9,337.5,1.0,375.0,0.0,0.0
2000-01-21,16,1018.1,1022.6,0.0,4.8,-17.5,1.6,18.0,6.4,337.5,1.0,200.0,0.0,0.0
2000-01-21,17,1019.4,1023.9,0.0,3.9,-17.6,1.5,19.0,8.4,315,0.6,44.44444444444444,0.0,0.0
2000-01-21,18,1020.3,1024.8,0.0,3.5,-16.2,1.7,22.0,6.8,337.5,0.0,0.0,0.0,0.0
2000-01-21,19,1021.3,1025.8,0.0,3.1,-15.0,1.9,25.0,4.9,337.5,0.0,0.0,0.0,0.0
2000-01-21,20,1022.4,1026.9,0.0,2.7,-14.9,1.9,26.0,3.9,337.5,0.0,0.0,0.0,0.0
2000-01-21,21,1022.6,1027.1,0.0,2.3,-15.2,1.9,26.0,3.2,315,0.0,0.0,0.0,0.0
2000-01-21,22,1022.9,1027.4,0.0,2.3,-16.2,1.7,24.0,3.4,337.5,0.0,0.0,0.0,0.0
2000-01-21,23,1023.1,1027.6,0.0,2.2,-16.3,1.7,24.0,3.5,315,0.0,0.0,0.0,0.0
2000-01-21,24,1023.6,1028.2,0.0,1.4,-14.3,2.0,30.0,2.0,270,0.0,0.0,0.0,0.0
2000-01-22,1,1024.0,1028.6,0.0,1.2,-14.0,2.1,31.0,2.2,270,0.0,0.0,0.0,0.0
2000-01-22,2,1024.2,1028.8,0.0,1.5,-14.2,2.0,30.0,2.5,292.5,0.0,0.0,0.0,0.0
2000-01-22,3,1024.2,1028.8,0.0,1.5,-13.8,2.1,31.0,2.5,292.5,0.0,0.0,0.0,0.0
2000-01-22,4,1024.3,1028.9,0.0,1.2,-13.3,2.2,33.0,2.1,315,0.0,0.0,0.0,0.0
2000-01-22,5,1024.9,1029.5,0.0,1.6,-14.1,2.1,30.0,2.9,270,0.0,0.0,0.0,0.0
2000-01-22,6,1025.8,1030.4,0.0,2.0,-14.2,2.0,29.0,2.1,292.5,0.0,0.0,0.0,0.0
2000-01-22,7,1026.3,1030.9,0.0,2.0,-13.3,2.2,31.0,2.1,270,0.0,2.7777777777777777,0.0,0.0
2000-01-22,8,1027.1,1031.6,0.0,3.1,-15.5,1.8,24.0,1.7,315,1.0,83.33333333333333,0.0,0.0
2000-01-22,9,1027.5,1032.0,0.0,4.1,-13.7,2.1,26.0,3.6,292.5,1.0,236.11111111111111,0.0,0.0
2000-01-22,10,1028.1,1032.6,0.0,5.5,-11.6,2.5,28.0,3.3,315,1.0,363.8888888888889,0.0,0.0
2000-01-22,11,1027.7,1032.2,0.0,6.4,-11.7,2.5,26.0,5.1,315,1.0,488.8888888888889,0.0,0.0
2000-01-22,12,1026.4,1030.9,0.0,6.5,-12.1,2.4,25.0,2.2,0,1.0,538.8888888888889,0.0,0.0
2000-01-22,13,1025.6,1030.1,0.0,7.1,-13.2,2.2,22.0,2.7,337.5,1.0,547.2222222222222,0.0,0.0
2000-01-22,14,1025.3,1029.8,0.0,7.8,-13.2,2.2,21.0,2.4,315,1.0,475.0,0.0,0.0
2000-01-22,15,1025.3,1029.7,0.0,8.2,-13.4,2.2,20.0,1.5,90,1.0,333.3333333333333,0.0,0.0
2000-01-22,16,1025.6,1030.1,0.0,7.6,-9.7,2.9,28.0,3.1,180,0.6,136.11111111111111,0.0,0.0
2000-01-22,17,1026.0,1030.5,0.0,7.3,-7.9,3.4,33.0,1.3,112.5,0.4,36.111111111111114,0.0,0.0
2000-01-22,18,1026.3,1030.8,0.0,7.3,-7.1,3.6,35.0,1.2,135,0.0,0.0,0.0,0.0
2000-01-22,19,1026.2,1030.7,0.0,6.9,-8.6,3.2,32.0,3.0,90,0.0,0.0,0.0,0.0
2000-01-22,20,1026.3,1030.8,0.0,6.1,-7.8,3.4,36.0,2.7,112.5,0.0,0.0,0.0,0.0
2000-01-22,21,1026.2,1030.7,0.0,5.6,-6.3,3.8,42.0,4.1,112.5,0.0,0.0,0.0,0.0
2000-01-22,22,1025.4,1029.9,0.0,6.0,-4.4,4.4,47.0,2.6,90,0.0,0.0,0.0,0.0
2000-01-22,23,1025.0,1029.5,0.0,6.7,-1.9,5.3,54.0,1.3,67.5,0.0,0.0,0.0,0.0
2000-01-22,24,1024.1,1028.6,0.0,5.8,0.8,6.5,70.0,1.9,270,0.0,0.0,0.0,0.0
2000-01-23,1,1023.6,1028.1,0.0,5.0,-0.6,5.9,67.0,2.6,337.5,0.0,0.0,0.0,0.0
2000-01-23,2,1023.5,1028.0,0.0,3.3,-3.7,4.7,60.0,2.5,337.5,0.0,0.0,0.0,0.0
2000-01-23,3,1023.3,1027.8,0.0,2.7,-5.7,4.0,54.0,2.8,337.5,0.0,0.0,0.0,0.0
2000-01-23,4,1023.0,1027.5,0.0,2.6,-5.8,4.0,54.0,3.3,337.5,0.0,0.0,0.0,0.0
2000-01-23,5,1022.5,1027.0,0.0,2.7,-6.2,3.9,52.0,2.0,337.5,0.0,0.0,0.0,0.0
2000-01-23,6,1022.2,1026.7,0.0,2.8,-6.6,3.7,50.0,1.8,0,0.0,0.0,0.0,0.0
2000-01-23,7,1022.2,1026.7,0.0,2.7,-5.7,4.0,54.0,1.7,22.5,0.0,0.0,0.0,0.0
2000-01-23,8,1022.0,1026.5,0.0,2.2,-6.4,3.8,53.0,3.3,337.5,0.8,69.44444444444444,0.0,0.0
2000-01-23,9,1021.8,1026.3,0.0,2.9,-6.2,3.9,51.0,2.4,0,1.0,213.88888888888889,0.0,0.0
2000-01-23,10,1021.2,1025.7,0.0,4.3,-6.3,3.8,46.0,1.7,337.5,1.0,369.44444444444446,0.0,0.0
2000-01-23,11,1020.1,1024.6,0.0,6.0,-5.3,4.1,44.0,1.5,337.5,1.0,480.55555555555554,0.0,0.0
2000-01-23,12,1018.7,1023.1,0.0,8.1,-4.3,4.4,41.0,1.1,180,1.0,605.5555555555555,0.0,0.0
2000-01-23,13,1017.4,1021.8,0.0,9.6,-4.0,4.5,38.0,1.5,90,0.8,486.1111111111111,0.0,0.0
2000-01-23,14,1016.2,1020.6,0.0,10.5,0.5,6.3,50.0,2.7,202.5,0.3,366.6666666666667,0.0,0.0
2000-01-23,15,1015.9,1020.3,0.0,11.5,4.7,8.5,63.0,3.5,202.5,0.0,75.0,0.0,0.0
2000-01-23,16,1015.6,1020.0,0.0,11.3,5.8,9.2,69.0,3.7,225,0.0,52.77777777777778,0.0,0.0
2000-01-23,17,1015.3,1019.7,0.0,10.6,7.3,10.2,80.0,2.0,225,0.0,11.11111111111111,0.0,0.0
2000-01-23,18,1014.8,1019.2,0.0,10.4,7.8,10.6,84.0,3.0,247.5,0.0,0.0,0.0,0.0
2000-01-23,19,1014.8,1019.2,0.0,9.0,-1.1,5.6,49.0,2.3,337.5,0.0,0.0,0.0,0.0
2000-01-23,20,1014.7,1019.1,0.0,8.9,-2.1,5.2,46.0,2.7,337.5,0.0,0.0,0.0,0.0
2000-01-23,21,1014.3,1018.7,0.0,8.3,-4.5,4.4,40.0,2.7,337.5,0.0,0.0,0.0,0.0
2000-01-23,22,1014.1,1018.5,0.0,8.0,-3.8,4.6,43.0,2.5,337.5,0.0,0.0,0.0,0.0
2000-01-23,23,1013.2,1017.6,0.0,7.5,-2.0,5.3,51.0,1.7,337.5,0.0,0.0,0.0,0.0
2000-01-23,24,1012.6,1017.0,0.0,6.9,-1.8,5.4,54.0,2.6,337.5,0.0,0.0,0.0,0.0
2000-01-24,1,1012.5,1016.9,0.0,6.3,-1.6,5.4,57.0,2.4,337.5,0.0,0.0,0.0,0.0
2000-01-24,2,1012.5,1016.9,0.0,5.8,-2.3,5.2,56.0,2.2,0,0.0,0.0,0.0,0.0
2000-01-24,3,1012.5,1016.9,0.0,5.3,-1.8,5.4,60.0,2.4,337.5,0.0,0.0,0.0,0.0
2000-01-24,4,1012.3,1016.7,0.0,5.2,-0.8,5.8,65.0,2.9,337.5,0.0,0.0,0.0,0.0
2000-01-24,5,1012.5,1016.9,0.0,5.0,-1.0,5.7,65.0,3.1,337.5,0.0,0.0,0.0,0.0
2000-01-24,6,1013.0,1017.4,0.0,5.0,-0.4,5.9,68.0,2.2,22.5,0.0,0.0,0.0,0.0
2000-01-24,7,1013.0,1017.4,0.0,5.2,-0.4,5.9,67.0,1.6,45,0.0,0.0,0.0,0.0
2000-01-24,8,1013.4,1017.8,0.0,5.6,-0.7,5.8,64.0,1.2,67.5,0.0,33.333333333333336,0.0,0.0
2000-01-24,9,1013.8,1018.2,0.0,7.4,-0.1,6.1,59.0,1.3,270,0.1,125.0,0.0,0.0
2000-01-24,10,1013.9,1018.3,0.0,8.6,0.1,6.2,55.0,1.8,0,0.4,297.22222222222223,0.0,0.0
2000-01-24,11,1013.1,1017.5,0.0,10.3,1.1,6.6,53.0,1.9,0,0.5,327.77777777777777,0.0,0.0
2000-01-24,12,1012.7,1017.0,0.0,11.1,3.4,7.8,59.0,2.8,22.5,1.0,466.6666666666667,0.0,0.0
2000-01-24,13,1011.6,1015.9,0.0,12.6,5.5,9.0,62.0,2.7,67.5,0.9,438.8888888888889,0.0,0.0
2000-01-24,14,1010.8,1015.1,0.0,12.5,5.9,9.3,64.0,2.6,90,0.2,261.1111111111111,0.0,0.0
2000-01-24,15,1010.7,1015.0,0.0,12.4,5.8,9.2,64.0,2.3,67.5,0.0,133.33333333333334,0.0,0.0
2000-01-24,16,1011.3,1015.6,0.0,12.2,5.6,9.1,64.0,2.0,67.5,0.0,44.44444444444444,0.0,0.0
2000-01-24,17,1011.5,1015.8,0.0,11.8,5.0,8.7,63.0,2.7,45,0.0,8.333333333333334,0.0,0.0
2000-01-24,18,1012.0,1016.4,0.0,10.4,4.5,8.4,67.0,4.2,45,0.0,0.0,0.0,0.0
2000-01-24,19,1012.4,1016.8,0.0,9.6,4.2,8.2,69.0,3.0,67.5,0.0,0.0,0.0,0.0
2000-01-24,20,1012.4,1016.8,0.0,8.9,3.9,8.1,71.0,3.2,45,0.0,0.0,0.0,0.0
2000-01-24,21,1012.2,1016.6,0.0,8.8,3.8,8.0,71.0,1.9,45,0.0,0.0,0.0,0.0
2000-01-24,22,1011.9,1016.3,0.0,8.6,4.0,8.1,73.0,1.2,67.5,0.0,0.0,0.0,0.0
2000-01-24,23,1011.7,1016.1,0.0,8.6,4.4,8.4,75.0,1.3,0,0.0,0.0,0.0,0.0
2000-01-24,24,1011.1,1015.5,0.0,7.6,4.2,8.2,79.0,1.0,337.5,0.0,0.0,0.0,0.0
2000-01-25,1,1010.5,1014.9,0.0,8.3,2.1,7.1,65.0,3.9,337.5,0.0,0.0,0.0,0.0
2000-01-25,2,1011.5,1015.9,0.0,8.1,-2.5,5.1,47.0,4.6,315,0.0,0.0,0.0,0.0
2000-01-25,3,1010.4,1014.8,0.0,7.0,-4.1,4.5,45.0,4.8,337.5,0.0,0.0,0.0,0.0
2000-01-25,4,1011.8,1016.2,0.0,6.9,-5.4,4.1,41.0,6.0,337.5,0.0,0.0,0.0,0.0
2000-01-25,5,1011.8,1016.2,0.0,6.3,-5.3,4.1,43.0,5.0,0,0.0,0.0,0.0,0.0
2000-01-25,6,1012.2,1016.6,0.0,5.2,-5.2,4.2,47.0,4.2,337.5,0.0,0.0,0.0,0.0
2000-01-25,7,1012.9,1017.3,0.0,5.9,-7.7,3.4,37.0,5.7,337.5,0.0,0.0,0.0,0.0
2000-01-25,8,1013.3,1017.7,0.0,5.6,-8.3,3.3,36.0,6.4,337.5,0.0,5.555555555555555,0.0,0.0
2000-01-25,9,1013.3,1017.7,0.0,5.1,-9.1,3.1,35.0,6.7,337.5,0.0,33.333333333333336,0.0,0.0
2000-01-25,10,1013.1,1017.5,0.0,5.1,-9.5,3.0,34.0,5.6,337.5,0.0,116.66666666666667,0.0,0.0
2000-01-25,11,1012.2,1016.6,0.0,5.3,-9.3,3.0,34.0,7.9,0,0.0,102.77777777777777,0.0,0.0
2000-01-25,12,1011.4,1015.8,0.0,5.0,-9.5,3.0,34.0,7.0,337.5,0.0,141.66666666666666,0.0,0.0
2000-01-25,13,1010.8,1015.2,0.0,5.7,-8.9,3.1,34.0,4.9,0,0.0,88.88888888888889,0.0,0.0
2000-01-25,14,1010.7,1015.1,0.0,6.1,-10.2,2.8,30.0,3.5,337.5,0.0,61.111111111111114,0.0,0.0
2000-01-25,15,1010.7,1015.1,0.0,6.6,-10.1,2.8,29.0,3.2,0,0.0,63.888888888888886,0.0,0.0
2000-01-25,16,1011.1,1015.5,0.0,6.4,-10.8,2.7,28.0,5.8,337.5,0.0,27.77777777777778,0.0,0.0
2000-01-25,17,1012.0,1016.4,0.0,6.2,-11.4,2.6,27.0,5.6,337.5,0.0,5.555555555555555,0.0,0.0
2000-01-25,18,1012.9,1017.3,0.0,5.8,-11.3,2.6,28.0,3.9,337.5,0.0,0.0,0.0,0.0
2000-01-25,19,1013.5,1017.9,0.0,5.0,-12.9,2.3,26.0,5.2,337.5,0.0,0.0,0.0,0.0
2000-01-25,20,1013.9,1018.4,0.0,4.4,-13.4,2.2,26.0,5.0,337.5,0.0,0.0,0.0,0.0
2000-01-25,21,1013.8,1018.3,0.0,3.5,-12.9,2.3,29.0,7.2,337.5,0.0,0.0,0.0,0.0
2000-01-25,22,1013.8,1018.3,0.0,3.4,-11.7,2.5,32.0,5.5,337.5,0.0,0.0,0.0,0.0
2000-01-25,23,1013.6,1018.1,0.0,2.9,-11.4,2.6,34.0,6.4,337.5,0.0,0.0,0.0,0.0
2000-01-25,24,1013.2,1017.7,0.0,2.9,-11.4,2.6,34.0,6.0,0,0.0,0.0,0.0,0.0
2000-01-26,1,1013.0,1017.5,0.0,2.4,-12.2,2.4,33.0,3.8,337.5,0.0,0.0,0.0,0.0
2000-01-26,2,1013.2,1017.7,0.0,2.4,-12.2,2.4,33.0,4.5,337.5,0.0,0.0,0.0,0.0
2000-01-26,3,1013.1,1017.6,0.0,2.4,-12.2,2.4,33.0,3.8,337.5,0.0,0.0,0.0,0.0
2000-01-26,4,1013.1,1017.6,0.0,1.9,-11.9,2.5,35.0,4.0,337.5,0.0,0.0,0.0,0.0
2000-01-26,5,1013.7,1018.2,0.0,2.0,-11.5,2.5,36.0,3.1,337.5,0.0,0.0,0.0,0.0
2000-01-26,6,1014.1,1018.6,0.0,1.7,-11.1,2.6,38.0,4.3,337.5,0.0,0.0,0.0,0.0
2000-01-26,7,1014.3,1018.8,0.0,1.3,-10.8,2.7,40.0,3.6,337.5,0.0,0.0,0.0,0.0
2000-01-26,8,1014.2,1018.7,0.0,1.9,-11.2,2.6,37.0,3.4,337.5,0.9,88.88888888888889,0.0,0.0
2000-01-26,9,1014.5,1019.0,0.0,3.0,-12.5,2.3,31.0,4.5,337.5,1.0,244.44444444444446,0.0,0.0
2000-01-26,10,1014.3,1018.8,0.0,4.5,-13.3,2.2,26.0,4.9,337.5,1.0,422.22222222222223,0.0,0.0
2000-01-26,11,1013.3,1017.7,0.0,5.7,-11.4,2.6,28.0,4.8,0,1.0,541.6666666666666,0.0,0.0
2000-01-26,12,1012.0,1016.4,0.0,5.8,-14.3,2.0,22.0,3.7,0,1.0,594.4444444444445,0.0,0.0
2000-01-26,13,1011.2,1015.6,0.0,6.7,-14.1,2.1,21.0,2.7,337.5,1.0,569.4444444444443,0.0,0.0
2000-01-26,14,1010.9,1015.3,0.0,6.7,-15.3,1.9,19.0,2.5,337.5,1.0,491.6666666666667,0.0,0.0
2000-01-26,15,1011.1,1015.5,0.0,7.1,-15.6,1.8,18.0,4.3,337.5,0.8,286.1111111111111,0.0,0.0
2000-01-26,16,1011.4,1015.8,0.0,6.7,-16.0,1.8,18.0,3.4,22.5,0.6,130.55555555555554,0.0,0.0
2000-01-26,17,1012.0,1016.4,0.0,6.4,-16.2,1.7,18.0,3.8,0,0.0,25.0,0.0,0.0
2000-01-26,18,1012.5,1016.9,0.0,6.0,-15.9,1.8,19.0,4.5,0,0.0,0.0,0.0,0.0
2000-01-26,19,1012.9,1017.3,0.0,5.5,-16.3,1.7,19.0,3.1,337.5,0.0,0.0,0.0,0.0
2000-01-26,20,1013.1,1017.6,0.0,4.6,-14.2,2.0,24.0,5.1,22.5,0.0,0.0,0.0,0.0
2000-01-26,21,1013.4,1017.9,0.0,4.2,-8.5,3.2,39.0,4.8,45,0.0,0.0,0.0,0.0
2000-01-26,22,1013.8,1018.3,0.0,3.5,-9.8,2.9,37.0,3.7,22.5,0.0,0.0,0.0,0.0
2000-01-26,23,1014.0,1018.5,0.0,3.3,-9.3,3.0,39.0,3.0,22.5,0.0,0.0,0.0,0.0
2000-01-26,24,1014.3,1018.8,0.0,2.6,-10.6,2.7,37.0,4.1,0,0.0,0.0,0.0,0.0
2000-01-27,1,1014.9,1019.4,0.0,2.1,-11.1,2.6,37.0,4.1,0,0.0,0.0,0.0,0.0
2000-01-27,2,1014.8,1019.3,0.0,1.8,-10.7,2.7,39.0,2.8,22.5,0.0,0.0,0.0,0.0
2000-01-27,3,1014.6,1019.1,0.0,1.6,-10.2,2.8,41.0,1.7,0,0.0,0.0,0.0,0.0
2000-01-27,4,1014.3,1018.8,0.0,0.9,-10.0,2.9,44.0,3.9,22.5,0.0,0.0,0.0,0.0
2000-01-27,5,1014.7,1019.2,0.0,0.8,-9.8,2.9,45.0,1.9,0,0.0,0.0,0.0,0.0
2000-01-27,6,1015.1,1019.6,0.0,0.6,-9.4,3.0,47.0,2.4,0,0.0,0.0,0.0,0.0
2000-01-27,7,1015.8,1020.3,0.0,0.5,-10.0,2.9,45.0,4.2,337.5,0.0,0.0,0.0,0.0
2000-01-27,8,1016.3,1020.8,0.0,0.1,-10.4,2.8,45.0,2.8,22.5,0.0,44.44444444444444,0.0,0.0
2000-01-27,9,1016.6,1021.1,0.0,1.6,-9.3,3.0,44.0,2.5,22.5,0.0,133.33333333333334,0.0,0.0
2000-01-27,10,1016.7,1021.2,0.0,3.4,-9.6,3.0,38.0,3.4,45,0.8,325.0,0.0,0.0
2000-01-27,11,1015.8,1020.3,0.0,4.2,-11.4,2.6,31.0,4.2,45,1.0,455.55555555555554,0.0,0.0
2000-01-27,12,1014.5,1019.0,0.0,4.6,-12.3,2.4,28.0,4.1,45,1.0,488.8888888888889,0.0,0.0
2000-01-27,13,1013.6,1018.0,0.0,5.2,-12.3,2.4,27.0,4.1,45,0.9,527.7777777777778,0.0,0.0
2000-01-27,14,1013.8,1018.2,0.0,5.6,-12.4,2.4,26.0,2.9,67.5,0.9,427.77777777777777,0.0,0.0
2000-01-27,15,1013.8,1018.2,0.0,5.2,-12.7,2.3,26.0,4.1,67.5,1.0,350.0,0.0,0.0
2000-01-27,16,1014.5,1018.9,0.0,5.6,-11.5,2.5,28.0,3.5,90,0.8,158.33333333333334,0.0,0.0
2000-01-27,17,1015.5,1020.0,0.0,4.7,-9.1,3.1,36.0,3.8,67.5,0.4,38.888888888888886,0.0,0.0
2000-01-27,18,1016.5,1021.0,0.0,4.3,-8.1,3.3,40.0,3.7,67.5,0.0,0.0,0.0,0.0
2000-01-27,19,1017.4,1021.9,0.0,4.0,-7.4,3.5,43.0,3.4,90,0.0,0.0,0.0,0.0
2000-01-27,20,1017.8,1022.3,0.0,3.9,-6.7,3.7,46.0,2.8,67.5,0.0,0.0,0.0,0.0
2000-01-27,21,1018.1,1022.6,0.0,3.5,-6.5,3.8,48.0,2.9,67.5,0.0,0.0,0.0,0.0
2000-01-27,22,1018.5,1023.0,0.0,3.4,-6.0,3.9,50.0,2.7,67.5,0.0,0.0,0.0,0.0
2000-01-27,23,1018.7,1023.2,0.0,3.3,-7.2,3.6,46.0,1.9,22.5,0.0,0.0,0.0,0.0
2000-01-27,24,1018.8,1023.3,0.0,2.9,-6.2,3.9,51.0,1.9,22.5,0.0,0.0,0.0,0.0
2000-01-28,1,1018.9,1023.4,0.0,2.1,-7.5,3.5,49.0,2.4,0,0.0,0.0,0.0,0.0
2000-01-28,2,1019.2,1023.7,0.0,2.1,-5.3,4.1,58.0,2.8,337.5,0.0,0.0,0.0,0.0
2000-01-28,3,1019.4,1023.9,0.0,1.1,-9.2,3.1,46.0,2.7,0,0.0,0.0,0.0,0.0
2000-01-28,4,1019.6,1024.1,0.0,0.9,-9.1,3.1,47.0,2.3,337.5,0.0,0.0,0.0,0.0
2000-01-28,5,1020.0,1024.6,0.0,0.6,-9.1,3.1,48.0,2.6,337.5,0.0,0.0,0.0,0.0
2000-01-28,6,1020.4,1025.0,0.0,0.1,-9.1,3.1,50.0,1.2,45,0.0,0.0,0.0,0.0
2000-01-28,7,1020.9,1025.5,0.0,0.2,-8.0,3.4,54.0,1.4,22.5,0.1,0.0,0.0,0.0
2000-01-28,8,1021.5,1026.1,0.0,0.9,-8.9,3.1,48.0,1.3,315,1.0,83.33333333333333,0.0,0.0
2000-01-28,9,1021.9,1026.4,0.0,1.9,-10.6,2.7,39.0,1.7,337.5,0.9,233.33333333333334,0.0,0.0
2000-01-28,10,1022.2,1026.7,0.0,4.0,-10.1,2.8,35.0,1.8,0,1.0,408.3333333333333,0.0,0.0
2000-01-28,11,1021.6,1026.1,0.0,5.4,-9.9,2.9,32.0,4.8,337.5,1.0,530.5555555555555,0.0,0.0
2000-01-28,12,1020.5,1024.9,0.0,7.4,-10.4,2.8,27.0,4.3,0,1.0,586.1111111111111,0.0,0.0
2000-01-28,13,1019.8,1024.2,0.0,7.7,-11.1,2.6,25.0,3.7,0,1.0,586.1111111111111,0.0,0.0
2000-01-28,14,1020.0,1024.4,0.0,8.8,-11.2,2.6,23.0,3.7,0,1.0,511.1111111111111,0.0,0.0
2000-01-28,15,1020.5,1024.9,0.0,8.8,-11.2,2.6,23.0,3.0,0,1.0,383.3333333333333,0.0,0.0
2000-01-28,16,1021.0,1025.4,0.0,8.8,-10.7,2.7,24.0,3.7,0,1.0,213.88888888888889,0.0,0.0
2000-01-28,17,1022.0,1026.4,0.0,8.7,-10.2,2.8,25.0,2.1,337.5,0.8,52.77777777777778,0.0,0.0
2000-01-28,18,1023.5,1027.9,0.0,7.8,-9.6,3.0,28.0,3.2,270,0.0,0.0,0.0,0.0
2000-01-28,19,1024.3,1028.8,0.0,6.9,-9.1,3.1,31.0,2.2,292.5,0.0,0.0,0.0,0.0
2000-01-28,20,1024.9,1029.4,0.0,6.0,-9.0,3.1,33.0,2.0,315,0.0,0.0,0.0,0.0
2000-01-28,21,1025.7,1030.2,0.0,5.9,-9.1,3.1,33.0,3.4,337.5,0.0,0.0,0.0,0.0
2000-01-28,22,1026.0,1030.5,0.0,5.0,-7.5,3.5,40.0,2.4,270,0.0,0.0,0.0,0.0
2000-01-28,23,1025.8,1030.3,0.0,5.3,-7.9,3.4,38.0,2.7,337.5,0.0,0.0,0.0,0.0
2000-01-28,24,1026.0,1030.5,0.0,5.0,-8.1,3.3,38.0,1.8,315,0.0,0.0,0.0,0.0
2000-01-29,1,1025.9,1030.4,0.0,4.2,-8.2,3.3,40.0,0.8,292.5,0.0,0.0,0.0,0.0
2000-01-29,2,1026.1,1030.6,0.0,4.4,-9.3,3.0,36.0,1.8,270,0.0,0.0,0.0,0.0
2000-01-29,3,1026.3,1030.8,0.0,3.3,-8.7,3.2,41.0,1.5,292.5,0.0,0.0,0.0,0.0
2000-01-29,4,1026.4,1030.9,0.0,2.7,-8.0,3.4,45.0,1.8,292.5,0.0,0.0,0.0,0.0
2000-01-29,5,1026.7,1031.3,0.0,1.4,-6.4,3.8,56.0,1.7,292.5,0.0,0.0,0.0,0.0
2000-01-29,6,1027.4,1032.0,0.0,1.5,-7.0,3.6,53.0,1.1,315,0.0,0.0,0.0,0.0
2000-01-29,7,1028.0,1032.5,0.0,3.3,-9.0,3.1,40.0,1.2,0,0.1,2.7777777777777777,0.0,0.0
2000-01-29,8,1028.4,1032.9,0.0,4.2,-8.2,3.3,40.0,1.5,22.5,1.0,88.88888888888889,0.0,0.0
2000-01-29,9,1028.8,1033.3,0.0,5.0,-8.1,3.3,38.0,1.7,0,1.0,238.88888888888889,0.0,0.0
2000-01-29,10,1028.9,1033.4,0.0,6.8,-9.1,3.1,31.0,3.1,315,1.0,411.1111111111111,0.0,0.0
2000-01-29,11,1028.3,1032.8,0.0,7.6,-8.9,3.1,30.0,2.4,337.5,1.0,525.0,0.0,0.0
2000-01-29,12,1027.0,1031.4,0.0,9.1,-9.4,3.0,26.0,1.8,337.5,1.0,583.3333333333334,0.0,0.0
2000-01-29,13,1026.3,1030.7,0.0,10.0,-9.6,3.0,24.0,1.9,247.5,1.0,577.7777777777778,0.0,0.0
2000-01-29,14,1025.7,1030.1,0.0,10.2,-7.5,3.5,28.0,1.9,135,1.0,480.55555555555554,0.0,0.0
2000-01-29,15,1025.5,1029.9,0.0,9.6,-6.7,3.7,31.0,1.7,112.5,1.0,341.6666666666667,0.0,0.0
2000-01-29,16,1025.6,1030.0,0.0,9.5,-5.6,4.0,34.0,1.9,157.5,0.9,169.44444444444446,0.0,0.0
2000-01-29,17,1026.2,1030.6,0.0,9.3,-3.6,4.7,40.0,2.4,180,0.2,47.22222222222222,0.0,0.0
2000-01-29,18,1026.3,1030.7,0.0,9.3,-0.3,6.0,51.0,1.6,180,0.0,0.0,0.0,0.0
2000-01-29,19,1026.2,1030.6,0.0,9.4,0.6,6.4,54.0,1.9,180,0.0,0.0,0.0,0.0
2000-01-29,20,1025.8,1030.2,0.0,9.8,1.2,6.7,55.0,3.1,180,0.0,0.0,0.0,0.0
2000-01-29,21,1025.7,1030.1,0.0,9.0,1.9,7.0,61.0,2.8,180,0.0,0.0,0.0,0.0
2000-01-29,22,1025.7,1030.1,0.0,9.1,2.7,7.4,64.0,1.9,180,0.0,0.0,0.0,0.0
2000-01-29,23,1025.2,1029.6,0.0,8.1,1.5,6.8,63.0,3.1,225,0.0,0.0,0.0,0.0
2000-01-29,24,1024.7,1029.2,0.0,6.8,-2.4,5.1,52.0,2.7,315,0.0,0.0,0.0,0.0
2000-01-30,1,1023.9,1028.4,0.0,5.7,-3.6,4.7,51.0,1.0,292.5,0.0,0.0,0.0,0.0
2000-01-30,2,1023.4,1027.9,0.0,5.9,-4.8,4.3,46.0,2.2,337.5,0.0,0.0,0.0,0.0
2000-01-30,3,1022.7,1027.2,0.0,5.3,-4.8,4.3,48.0,1.9,337.5,0.0,0.0,0.0,0.0
2000-01-30,4,1022.0,1026.5,0.0,5.0,-5.1,4.2,48.0,1.9,337.5,0.0,0.0,0.0,0.0
2000-01-30,5,1021.7,1026.2,0.0,3.7,-4.7,4.3,54.0,1.4,337.5,0.0,0.0,0.0,0.0
2000-01-30,6,1021.4,1025.9,0.0,3.7,-4.7,4.3,54.0,2.2,337.5,0.0,0.0,0.0,0.0
2000-01-30,7,1020.9,1025.4,0.0,3.3,-5.1,4.2,54.0,1.0,0,0.0,2.7777777777777777,0.0,0.0
2000-01-30,8,1020.5,1025.0,0.0,5.0,-7.1,3.6,41.0,1.2,337.5,0.3,55.55555555555556,0.0,0.0
2000-01-30,9,1020.2,1024.7,0.0,6.0,-6.9,3.7,39.0,1.6,337.5,0.8,233.33333333333334,0.0,0.0
2000-01-30,10,1019.2,1023.6,0.0,8.5,-4.3,4.4,40.0,0.6,67.5,0.8,363.8888888888889,0.0,0.0
2000-01-30,11,1017.6,1022.0,0.0,9.9,-3.4,4.8,39.0,1.6,22.5,0.9,469.44444444444446,0.0,0.0
2000-01-30,12,1015.5,1019.9,0.0,10.6,-4.6,4.3,34.0,1.8,90,1.0,530.5555555555555,0.0,0.0
2000-01-30,13,1013.8,1018.1,0.0,13.7,-2.3,5.2,33.0,1.1,202.5,1.0,530.5555555555555,0.0,0.0
2000-01-30,14,1012.5,1016.8,0.0,15.6,-1.4,5.5,31.0,5.4,225,1.0,488.8888888888889,0.0,0.0
2000-01-30,15,1011.4,1015.7,0.0,14.9,-0.8,5.8,34.0,6.0,225,1.0,372.22222222222223,0.0,0.0
2000-01-30,16,1011.2,1015.5,0.0,14.4,-0.5,5.9,36.0,6.8,225,1.0,208.33333333333334,0.0,0.0
2000-01-30,17,1011.2,1015.5,0.0,13.7,-0.3,6.0,38.0,5.8,225,0.8,52.77777777777778,0.0,0.0
2000-01-30,18,1011.2,1015.5,0.0,12.8,0.2,6.2,42.0,5.0,225,0.0,0.0,0.0,0.0
2000-01-30,19,1011.2,1015.5,0.0,12.1,0.2,6.2,44.0,4.8,247.5,0.0,0.0,0.0,0.0
2000-01-30,20,1011.1,1015.4,0.0,11.4,-0.1,6.1,45.0,3.7,247.5,0.0,0.0,0.0,0.0
2000-01-30,21,1011.3,1015.7,0.0,9.4,0.1,6.2,52.0,0.9,0,0.0,0.0,0.0,0.0
2000-01-30,22,1011.6,1016.0,0.0,10.2,-0.9,5.7,46.0,2.4,337.5,0.0,0.0,0.0,0.0
2000-01-30,23,1011.2,1015.6,0.0,9.7,-4.3,4.4,37.0,1.7,315,0.0,0.0,0.0,0.0
2000-01-30,24,1010.9,1015.3,0.0,8.7,-4.1,4.5,40.0,4.9,337.5,0.0,0.0,0.0,0.0
2000-01-31,1,1010.9,1015.3,0.0,8.1,-3.7,4.7,43.0,3.0,337.5,0.0,0.0,0.0,0.0
2000-01-31,2,1011.2,1015.6,0.0,7.8,-4.0,4.5,43.0,5.4,337.5,0.0,0.0,0.0,0.0
2000-01-31,3,1011.2,1015.6,0.0,7.5,-5.2,4.2,40.0,4.0,337.5,0.0,0.0,0.0,0.0
2000-01-31,4,1011.4,1015.8,0.0,7.2,-6.5,3.8,37.0,3.7,337.5,0.0,0.0,0.0,0.0
2000-01-31,5,1012.1,1016.5,0.0,6.9,-6.1,3.9,39.0,5.0,337.5,0.0,0.0,0.0,0.0
2000-01-31,6,1012.8,1017.2,0.0,6.4,-5.9,3.9,41.0,3.1,337.5,0.0,0.0,0.0,0.0
2000-01-31,7,1013.6,1018.0,0.0,6.4,-4.9,4.3,44.0,3.1,337.5,0.0,2.7777777777777777,0.0,0.0
2000-01-31,8,1014.1,1018.5,0.0,6.4,-5.9,3.9,41.0,4.0,337.5,0.8,88.88888888888889,0.0,0.0
2000-01-31,9,1014.6,1019.0,0.0,7.5,-5.5,4.1,39.0,3.7,0,1.0,247.22222222222223,0.0,0.0
2000-01-31,10,1014.8,1019.2,0.0,8.3,-7.4,3.5,32.0,4.5,337.5,1.0,430.55555555555554,0.0,0.0
2000-01-31,11,1014.1,1018.5,0.0,9.2,-8.8,3.2,27.0,6.3,337.5,1.0,552.7777777777778,0.0,0.0
2000-01-31,12,1013.5,1017.9,0.0,9.8,-8.3,3.3,27.0,8.5,337.5,1.0,602.7777777777778,0.0,0.0
2000-01-31,13,1013.1,1017.5,0.0,9.4,-9.1,3.1,26.0,7.5,337.5,1.0,586.1111111111111,0.0,0.0
2000-01-31,14,1013.6,1018.0,0.0,8.9,-10.6,2.7,24.0,6.6,337.5,1.0,508.3333333333333,0.0,0.0
2000-01-31,15,1014.3,1018.7,0.0,8.7,-10.7,2.7,24.0,6.3,0,0.6,313.8888888888889,0.0,0.0
2000-01-31,16,1015.4,1019.8,0.0,7.5,-12.8,2.3,22.0,7.5,337.5,0.0,83.33333333333333,0.0,0.0
2000-01-31,17,1016.7,1021.1,0.0,6.3,-11.3,2.6,27.0,7.8,0,0.0,27.77777777777778,0.0,0.0
2000-01-31,18,1017.7,1022.2,0.0,5.8,-10.9,2.7,29.0,5.5,0,0.0,0.0,0.0,0.0
2000-01-31,19,1018.0,1022.5,0.0,4.8,-12.2,2.4,28.0,6.9,337.5,0.0,0.0,0.0,0.0
2000-01-31,20,1018.3,1022.8,0.0,4.3,-11.7,2.5,30.0,5.8,337.5,0.0,0.0,0.0,0.0
2000-01-31,21,1018.5,1023.0,0.0,4.0,-11.6,2.5,31.0,4.8,337.5,0.0,0.0,0.0,0.0
2000-01-31,22,1018.6,1023.1,0.0,3.9,-12.1,2.4,30.0,4.8,337.5,0.0,0.0,0.0,0.0
2000-01-31,23,1019.2,1023.7,0.0,3.9,-12.5,2.3,29.0,5.7,337.5,0.0,0.0,0.0,0.0
2000-01-31,24,1019.0,1023.5,0.0,3.8,-13.0,2.3,28.0,4.4,337.5,0.0,0.0,0.0,0.0
